match_id,season_id,balls_per_over,city,match_date,event_name,match_number,gender,match_type,format,overs,season,team_type,venue,toss_winner,team1,team2,toss_decision,match_winner,,,,result
335982,2008,6,Bangalore,18-04-2008,Indian Premier League,1,male,T20,T20,20,2008,club,M Chinnaswamy Stadium,Royal Challengers Bengaluru,1,6,field,Kolkata Knight riders,,,,win
1082591,2017,6,Hyderabad,05-04-2017,Indian Premier League,1,male,T20,T20,20,2017,club,"Rajiv Gandhi International Stadium, Uppal",Royal Challengers Bengaluru,2,1,field,Sun risers Hyderabad,,,,win
1082592,2017,6,Pune,06-04-2017,Indian Premier League,2,male,T20,T20,20,2017,club,Maharashtra Cricket Association Stadium,Rising Pune Supergiants,4,3,field,Rising Pune Supergiants,,,,win
1082593,2017,6,Rajkot,07-04-2017,Indian Premier League,3,male,T20,T20,20,2017,club,Saurashtra Cricket Association Stadium,Kolkata Knight riders,5,6,field,Kolkata Knight riders,,,,win
1082594,2017,6,Indore,08-04-2017,Indian Premier League,4,male,T20,T20,20,2017,club,Holkar Cricket Stadium,Punjab Kings,494,4,field,Punjab Kings,,,,win
1082595,2017,6,Bengaluru,08-04-2017,Indian Premier League,5,male,T20,T20,20,2017,club,M.Chinnaswamy Stadium,Royal Challengers Bengaluru,1,252,bat,Royal Challengers Bengaluru,,,,win
1082596,2017,6,Hyderabad,09-04-2017,Indian Premier League,6,male,T20,T20,20,2017,club,"Rajiv Gandhi International Stadium, Uppal",Sun risers Hyderabad,2,5,field,Sun risers Hyderabad,,,,win
1082597,2017,6,Mumbai,09-04-2017,Indian Premier League,7,male,T20,T20,20,2017,club,Wankhede Stadium,Mumbai Indians,3,6,field,Mumbai Indians,,,,win
1082598,2017,6,Indore,10-04-2017,Indian Premier League,8,male,T20,T20,20,2017,club,Holkar Cricket Stadium,Royal Challengers Bengaluru,494,1,bat,Punjab Kings,,,,win
1082599,2017,6,Pune,11-04-2017,Indian Premier League,9,male,T20,T20,20,2017,club,Maharashtra Cricket Association Stadium,Rising Pune Supergiants,4,252,field,Delhi Capitals,,,,win
1082600,2017,6,Mumbai,12-04-2017,Indian Premier League,10,male,T20,T20,20,2017,club,Wankhede Stadium,Mumbai Indians,3,2,field,Mumbai Indians,,,,win
1082601,2017,6,Kolkata,13-04-2017,Indian Premier League,11,male,T20,T20,20,2017,club,Eden Gardens,Kolkata Knight riders,6,494,field,Kolkata Knight riders,,,,win
1082602,2017,6,Bangalore,14-04-2017,Indian Premier League,12,male,T20,T20,20,2017,club,M Chinnaswamy Stadium,Mumbai Indians,1,3,field,Mumbai Indians,,,,win
1082603,2017,6,Rajkot,14-04-2017,Indian Premier League,13,male,T20,T20,20,2017,club,Saurashtra Cricket Association Stadium,Gujarat Lions,5,4,field,Gujarat Lions,,,,win
1082604,2017,6,Kolkata,15-04-2017,Indian Premier League,14,male,T20,T20,20,2017,club,Eden Gardens,Sun risers Hyderabad,6,2,field,Kolkata Knight riders,,,,win
1082605,2017,6,Delhi,15-04-2017,Indian Premier League,15,male,T20,T20,20,2017,club,Feroz Shah Kotla,Delhi Capitals,252,494,bat,Delhi Capitals,,,,win
1082606,2017,6,Mumbai,16-04-2017,Indian Premier League,16,male,T20,T20,20,2017,club,Wankhede Stadium,Mumbai Indians,3,5,field,Mumbai Indians,,,,win
1082607,2017,6,Bangalore,16-04-2017,Indian Premier League,17,male,T20,T20,20,2017,club,M Chinnaswamy Stadium,Royal Challengers Bengaluru,1,4,field,Rising Pune Supergiants,,,,win
1082608,2017,6,Delhi,17-04-2017,Indian Premier League,18,male,T20,T20,20,2017,club,Feroz Shah Kotla,Delhi Capitals,252,6,bat,Kolkata Knight riders,,,,win
1082609,2017,6,Hyderabad,17-04-2017,Indian Premier League,19,male,T20,T20,20,2017,club,"Rajiv Gandhi International Stadium, Uppal",Punjab Kings,2,494,field,Sun risers Hyderabad,,,,win
1082610,2017,6,Rajkot,18-04-2017,Indian Premier League,20,male,T20,T20,20,2017,club,Saurashtra Cricket Association Stadium,Gujarat Lions,5,1,field,Royal Challengers Bengaluru,,,,win
1082611,2017,6,Hyderabad,19-04-2017,Indian Premier League,21,male,T20,T20,20,2017,club,"Rajiv Gandhi International Stadium, Uppal",Sun risers Hyderabad,2,252,bat,Sun risers Hyderabad,,,,win
1082612,2017,6,Indore,20-04-2017,Indian Premier League,22,male,T20,T20,20,2017,club,Holkar Cricket Stadium,Mumbai Indians,494,3,field,Mumbai Indians,,,,win
1082613,2017,6,Kolkata,21-04-2017,Indian Premier League,23,male,T20,T20,20,2017,club,Eden Gardens,Gujarat Lions,6,5,field,Gujarat Lions,,,,win
1082614,2017,6,Mumbai,22-04-2017,Indian Premier League,25,male,T20,T20,20,2017,club,Wankhede Stadium,Delhi Capitals,3,252,field,Mumbai Indians,,,,win
1082615,2017,6,Pune,22-04-2017,Indian Premier League,24,male,T20,T20,20,2017,club,Maharashtra Cricket Association Stadium,Rising Pune Supergiants,4,2,field,Rising Pune Supergiants,,,,win
1082616,2017,6,Rajkot,23-04-2017,Indian Premier League,26,male,T20,T20,20,2017,club,Saurashtra Cricket Association Stadium,Gujarat Lions,5,494,field,Punjab Kings,,,,win
1082617,2017,6,Kolkata,23-04-2017,Indian Premier League,27,male,T20,T20,20,2017,club,Eden Gardens,Royal Challengers Bengaluru,6,1,field,Kolkata Knight riders,,,,win
1082618,2017,6,Mumbai,24-04-2017,Indian Premier League,28,male,T20,T20,20,2017,club,Wankhede Stadium,Mumbai Indians,3,4,field,Rising Pune Supergiants,,,,win
1082620,2017,6,Pune,26-04-2017,Indian Premier League,30,male,T20,T20,20,2017,club,Maharashtra Cricket Association Stadium,Kolkata Knight riders,4,6,field,Kolkata Knight riders,,,,win
1082621,2017,6,Bangalore,27-04-2017,Indian Premier League,31,male,T20,T20,20,2017,club,M Chinnaswamy Stadium,Gujarat Lions,1,5,field,Gujarat Lions,,,,win
1082622,2017,6,Kolkata,28-04-2017,Indian Premier League,32,male,T20,T20,20,2017,club,Eden Gardens,Kolkata Knight riders,6,252,field,Kolkata Knight riders,,,,win
1082623,2017,6,Chandigarh,28-04-2017,Indian Premier League,33,male,T20,T20,20,2017,club,"Punjab Cricket Association IS Bindra Stadium, Mohali",Punjab Kings,494,2,field,Sun risers Hyderabad,,,,win
1082624,2017,6,Pune,29-04-2017,Indian Premier League,34,male,T20,T20,20,2017,club,Maharashtra Cricket Association Stadium,Royal Challengers Bengaluru,4,1,field,Rising Pune Supergiants,,,,win
1082625,2017,6,Rajkot,29-04-2017,Indian Premier League,35,male,T20,T20,20,2017,club,Saurashtra Cricket Association Stadium,Gujarat Lions,5,3,bat,Mumbai Indians,,,,tie
1082626,2017,6,Chandigarh,30-04-2017,Indian Premier League,36,male,T20,T20,20,2017,club,"Punjab Cricket Association IS Bindra Stadium, Mohali",Punjab Kings,494,252,field,Punjab Kings,,,,win
1082627,2017,6,Hyderabad,30-04-2017,Indian Premier League,37,male,T20,T20,20,2017,club,"Rajiv Gandhi International Stadium, Uppal",Kolkata Knight riders,2,6,field,Sun risers Hyderabad,,,,win
1082628,2017,6,Mumbai,01-05-2017,Indian Premier League,38,male,T20,T20,20,2017,club,Wankhede Stadium,Royal Challengers Bengaluru,3,1,bat,Mumbai Indians,,,,win
1082629,2017,6,Pune,01-05-2017,Indian Premier League,39,male,T20,T20,20,2017,club,Maharashtra Cricket Association Stadium,Rising Pune Supergiants,4,5,field,Rising Pune Supergiants,,,,win
1082630,2017,6,Delhi,02-05-2017,Indian Premier League,40,male,T20,T20,20,2017,club,Feroz Shah Kotla,Delhi Capitals,252,2,field,Delhi Capitals,,,,win
1082631,2017,6,Kolkata,03-05-2017,Indian Premier League,41,male,T20,T20,20,2017,club,Eden Gardens,Rising Pune Supergiants,6,4,field,Rising Pune Supergiants,,,,win
1082632,2017,6,Delhi,04-05-2017,Indian Premier League,42,male,T20,T20,20,2017,club,Feroz Shah Kotla,Delhi Capitals,252,5,field,Delhi Capitals,,,,win
1082633,2017,6,Bangalore,05-05-2017,Indian Premier League,43,male,T20,T20,20,2017,club,M Chinnaswamy Stadium,Royal Challengers Bengaluru,1,494,field,Punjab Kings,,,,win
1082634,2017,6,Hyderabad,06-05-2017,Indian Premier League,44,male,T20,T20,20,2017,club,"Rajiv Gandhi International Stadium, Uppal",Sun risers Hyderabad,2,4,field,Rising Pune Supergiants,,,,win
1082635,2017,6,Delhi,06-05-2017,Indian Premier League,45,male,T20,T20,20,2017,club,Feroz Shah Kotla,Delhi Capitals,252,3,field,Mumbai Indians,,,,win
1082636,2017,6,Bangalore,07-05-2017,Indian Premier League,46,male,T20,T20,20,2017,club,M Chinnaswamy Stadium,Kolkata Knight riders,1,6,field,Kolkata Knight riders,,,,win
1082637,2017,6,Chandigarh,07-05-2017,Indian Premier League,47,male,T20,T20,20,2017,club,"Punjab Cricket Association IS Bindra Stadium, Mohali",Gujarat Lions,494,5,field,Gujarat Lions,,,,win
1082638,2017,6,Hyderabad,08-05-2017,Indian Premier League,48,male,T20,T20,20,2017,club,"Rajiv Gandhi International Stadium, Uppal",Mumbai Indians,2,3,bat,Sun risers Hyderabad,,,,win
1082639,2017,6,Chandigarh,09-05-2017,Indian Premier League,49,male,T20,T20,20,2017,club,"Punjab Cricket Association IS Bindra Stadium, Mohali",Kolkata Knight riders,494,6,field,Punjab Kings,,,,win
1082640,2017,6,Kanpur,10-05-2017,Indian Premier League,50,male,T20,T20,20,2017,club,Green Park,Delhi Capitals,5,252,field,Delhi Capitals,,,,win
1082641,2017,6,Mumbai,11-05-2017,Indian Premier League,51,male,T20,T20,20,2017,club,Wankhede Stadium,Mumbai Indians,3,494,field,Punjab Kings,,,,win
1082642,2017,6,Delhi,12-05-2017,Indian Premier League,52,male,T20,T20,20,2017,club,Feroz Shah Kotla,Delhi Capitals,252,4,bat,Delhi Capitals,,,,win
1082643,2017,6,Kanpur,13-05-2017,Indian Premier League,53,male,T20,T20,20,2017,club,Green Park,Sun risers Hyderabad,5,2,field,Sun risers Hyderabad,,,,win
1082644,2017,6,Kolkata,13-05-2017,Indian Premier League,54,male,T20,T20,20,2017,club,Eden Gardens,Kolkata Knight riders,6,3,field,Mumbai Indians,,,,win
1082645,2017,6,Pune,14-05-2017,Indian Premier League,55,male,T20,T20,20,2017,club,Maharashtra Cricket Association Stadium,Rising Pune Supergiants,4,494,field,Rising Pune Supergiants,,,,win
1082646,2017,6,Delhi,14-05-2017,Indian Premier League,56,male,T20,T20,20,2017,club,Feroz Shah Kotla,Royal Challengers Bengaluru,252,1,bat,Royal Challengers Bengaluru,,,,win
1082647,2017,6,Mumbai,16-05-2017,Indian Premier League,NULL,male,T20,T20,20,2017,club,Wankhede Stadium,Mumbai Indians,3,4,field,Rising Pune Supergiants,,,,win
1082648,2017,6,Bangalore,17-05-2017,Indian Premier League,NULL,male,T20,T20,20,2017,club,M Chinnaswamy Stadium,Kolkata Knight riders,2,6,field,Kolkata Knight riders,,,,win
1082649,2017,6,Bangalore,19-05-2017,Indian Premier League,NULL,male,T20,T20,20,2017,club,M Chinnaswamy Stadium,Mumbai Indians,3,6,field,Mumbai Indians,,,,win
1082650,2017,6,Hyderabad,21-05-2017,Indian Premier League,NULL,male,T20,T20,20,2017,club,"Rajiv Gandhi International Stadium, Uppal",Mumbai Indians,3,4,bat,Mumbai Indians,,,,win
1136561,2018,6,Mumbai,07-04-2018,Indian Premier League,1,male,T20,T20,20,2018,club,Wankhede Stadium,Chennai Super Kings,3,129,field,Chennai Super Kings,,,,win
1136562,2018,6,Chandigarh,08-04-2018,Indian Premier League,2,male,T20,T20,20,2018,club,Punjab Cricket Association IS Bindra Stadium,Punjab Kings,252,494,field,Punjab Kings,,,,win
1136563,2018,6,Kolkata,08-04-2018,Indian Premier League,3,male,T20,T20,20,2018,club,Eden Gardens,Kolkata Knight riders,1,6,field,Kolkata Knight riders,,,,win
1136564,2018,6,Hyderabad,09-04-2018,Indian Premier League,4,male,T20,T20,20,2018,club,Rajiv Gandhi International Stadium,Sun risers Hyderabad,134,2,field,Sun risers Hyderabad,,,,win
1136565,2018,6,Chennai,10-04-2018,Indian Premier League,5,male,T20,T20,20,2018,club,MA Chidambaram Stadium,Chennai Super Kings,6,129,field,Chennai Super Kings,,,,win
1136566,2018,6,Jaipur,11-04-2018,Indian Premier League,6,male,T20,T20,20,2018,club,Sawai Mansingh Stadium,Delhi Capitals,134,252,field,Rajasthan Royals,,,,win
1136567,2018,6,Hyderabad,12-04-2018,Indian Premier League,7,male,T20,T20,20,2018,club,Rajiv Gandhi International Stadium,Sun risers Hyderabad,3,2,field,Sun risers Hyderabad,,,,win
1136568,2018,6,Bengaluru,13-04-2018,Indian Premier League,8,male,T20,T20,20,2018,club,M.Chinnaswamy Stadium,Royal Challengers Bengaluru,494,1,field,Royal Challengers Bengaluru,,,,win
1136569,2018,6,Mumbai,14-04-2018,Indian Premier League,9,male,T20,T20,20,2018,club,Wankhede Stadium,Delhi Capitals,3,252,field,Delhi Capitals,,,,win
1136570,2018,6,Kolkata,14-04-2018,Indian Premier League,10,male,T20,T20,20,2018,club,Eden Gardens,Sun risers Hyderabad,6,2,field,Sun risers Hyderabad,,,,win
1136571,2018,6,Bengaluru,15-04-2018,Indian Premier League,11,male,T20,T20,20,2018,club,M.Chinnaswamy Stadium,Royal Challengers Bengaluru,134,1,field,Rajasthan Royals,,,,win
1136572,2018,6,Chandigarh,15-04-2018,Indian Premier League,12,male,T20,T20,20,2018,club,Punjab Cricket Association IS Bindra Stadium,Chennai Super Kings,494,129,field,Punjab Kings,,,,win
1136573,2018,6,Kolkata,16-04-2018,Indian Premier League,13,male,T20,T20,20,2018,club,Eden Gardens,Delhi Capitals,6,252,field,Kolkata Knight riders,,,,win
1136574,2018,6,Mumbai,17-04-2018,Indian Premier League,14,male,T20,T20,20,2018,club,Wankhede Stadium,Royal Challengers Bengaluru,3,1,field,Mumbai Indians,,,,win
1136575,2018,6,Jaipur,18-04-2018,Indian Premier League,15,male,T20,T20,20,2018,club,Sawai Mansingh Stadium,Kolkata Knight riders,134,6,field,Kolkata Knight riders,,,,win
1136576,2018,6,Chandigarh,19-04-2018,Indian Premier League,16,male,T20,T20,20,2018,club,Punjab Cricket Association IS Bindra Stadium,Punjab Kings,494,2,bat,Punjab Kings,,,,win
1136577,2018,6,Pune,20-04-2018,Indian Premier League,17,male,T20,T20,20,2018,club,Maharashtra Cricket Association Stadium,Rajasthan Royals,129,134,field,Chennai Super Kings,,,,win
1136578,2018,6,Kolkata,21-04-2018,Indian Premier League,18,male,T20,T20,20,2018,club,Eden Gardens,Punjab Kings,6,494,field,Punjab Kings,,,,win
1136579,2018,6,Bengaluru,21-04-2018,Indian Premier League,19,male,T20,T20,20,2018,club,M.Chinnaswamy Stadium,Royal Challengers Bengaluru,252,1,field,Royal Challengers Bengaluru,,,,win
1136580,2018,6,Hyderabad,22-04-2018,Indian Premier League,20,male,T20,T20,20,2018,club,Rajiv Gandhi International Stadium,Sun risers Hyderabad,129,2,field,Chennai Super Kings,,,,win
1136581,2018,6,Jaipur,22-04-2018,Indian Premier League,21,male,T20,T20,20,2018,club,Sawai Mansingh Stadium,Mumbai Indians,3,134,bat,Rajasthan Royals,,,,win
1136582,2018,6,Delhi,23-04-2018,Indian Premier League,22,male,T20,T20,20,2018,club,Arun Jaitley Stadium,Delhi Capitals,494,252,field,Punjab Kings,,,,win
1136583,2018,6,Mumbai,24-04-2018,Indian Premier League,23,male,T20,T20,20,2018,club,Wankhede Stadium,Mumbai Indians,2,3,field,Sun risers Hyderabad,,,,win
1136584,2018,6,Bengaluru,25-04-2018,Indian Premier League,24,male,T20,T20,20,2018,club,M.Chinnaswamy Stadium,Chennai Super Kings,1,129,field,Chennai Super Kings,,,,win
1136585,2018,6,Hyderabad,26-04-2018,Indian Premier League,25,male,T20,T20,20,2018,club,Rajiv Gandhi International Stadium,Punjab Kings,2,494,field,Sun risers Hyderabad,,,,win
1136586,2018,6,Delhi,27-04-2018,Indian Premier League,26,male,T20,T20,20,2018,club,Arun Jaitley Stadium,Kolkata Knight riders,252,6,field,Delhi Capitals,,,,win
1136587,2018,6,Pune,28-04-2018,Indian Premier League,27,male,T20,T20,20,2018,club,Maharashtra Cricket Association Stadium,Mumbai Indians,129,3,field,Mumbai Indians,,,,win
1136588,2018,6,Jaipur,29-04-2018,Indian Premier League,28,male,T20,T20,20,2018,club,Sawai Mansingh Stadium,Sun risers Hyderabad,2,134,bat,Sun risers Hyderabad,,,,win
1136589,2018,6,Bengaluru,29-04-2018,Indian Premier League,29,male,T20,T20,20,2018,club,M.Chinnaswamy Stadium,Kolkata Knight riders,1,6,field,Kolkata Knight riders,,,,win
1136590,2018,6,Pune,30-04-2018,Indian Premier League,30,male,T20,T20,20,2018,club,Maharashtra Cricket Association Stadium,Delhi Capitals,129,252,field,Chennai Super Kings,,,,win
1136591,2018,6,Bengaluru,01-05-2018,Indian Premier League,31,male,T20,T20,20,2018,club,M.Chinnaswamy Stadium,Mumbai Indians,1,3,field,Royal Challengers Bengaluru,,,,win
1136592,2018,6,Delhi,02-05-2018,Indian Premier League,32,male,T20,T20,20,2018,club,Arun Jaitley Stadium,Rajasthan Royals,252,134,field,Delhi Capitals,,,,win
1136593,2018,6,Kolkata,03-05-2018,Indian Premier League,33,male,T20,T20,20,2018,club,Eden Gardens,Kolkata Knight riders,129,6,field,Kolkata Knight riders,,,,win
1136594,2018,6,Indore,04-05-2018,Indian Premier League,34,male,T20,T20,20,2018,club,Holkar Cricket Stadium,Mumbai Indians,494,3,field,Mumbai Indians,,,,win
1136595,2018,6,Pune,05-05-2018,Indian Premier League,35,male,T20,T20,20,2018,club,Maharashtra Cricket Association Stadium,Chennai Super Kings,1,129,field,Chennai Super Kings,,,,win
1136596,2018,6,Hyderabad,05-05-2018,Indian Premier League,36,male,T20,T20,20,2018,club,Rajiv Gandhi International Stadium,Delhi Capitals,252,2,bat,Sun risers Hyderabad,,,,win
1136597,2018,6,Mumbai,06-05-2018,Indian Premier League,37,male,T20,T20,20,2018,club,Wankhede Stadium,Kolkata Knight riders,3,6,field,Mumbai Indians,,,,win
1136598,2018,6,Indore,06-05-2018,Indian Premier League,38,male,T20,T20,20,2018,club,Holkar Cricket Stadium,Punjab Kings,134,494,field,Punjab Kings,,,,win
1136599,2018,6,Hyderabad,07-05-2018,Indian Premier League,39,male,T20,T20,20,2018,club,Rajiv Gandhi International Stadium,Royal Challengers Bengaluru,2,1,field,Sun risers Hyderabad,,,,win
1136600,2018,6,Jaipur,08-05-2018,Indian Premier League,40,male,T20,T20,20,2018,club,Sawai Mansingh Stadium,Rajasthan Royals,134,494,bat,Rajasthan Royals,,,,win
1136601,2018,6,Kolkata,09-05-2018,Indian Premier League,41,male,T20,T20,20,2018,club,Eden Gardens,Kolkata Knight riders,3,6,field,Mumbai Indians,,,,win
1136602,2018,6,Delhi,10-05-2018,Indian Premier League,42,male,T20,T20,20,2018,club,Arun Jaitley Stadium,Delhi Capitals,252,2,bat,Sun risers Hyderabad,,,,win
1136603,2018,6,Jaipur,11-05-2018,Indian Premier League,43,male,T20,T20,20,2018,club,Sawai Mansingh Stadium,Chennai Super Kings,129,134,bat,Rajasthan Royals,,,,win
1136604,2018,6,Indore,12-05-2018,Indian Premier League,44,male,T20,T20,20,2018,club,Holkar Cricket Stadium,Punjab Kings,6,494,field,Kolkata Knight riders,,,,win
1136605,2018,6,Delhi,12-05-2018,Indian Premier League,45,male,T20,T20,20,2018,club,Arun Jaitley Stadium,Royal Challengers Bengaluru,252,1,field,Royal Challengers Bengaluru,,,,win
1136606,2018,6,Pune,13-05-2018,Indian Premier League,46,male,T20,T20,20,2018,club,Maharashtra Cricket Association Stadium,Chennai Super Kings,2,129,field,Chennai Super Kings,,,,win
1136607,2018,6,Mumbai,13-05-2018,Indian Premier League,47,male,T20,T20,20,2018,club,Wankhede Stadium,Rajasthan Royals,3,134,field,Rajasthan Royals,,,,win
1136608,2018,6,Indore,14-05-2018,Indian Premier League,48,male,T20,T20,20,2018,club,Holkar Cricket Stadium,Royal Challengers Bengaluru,494,1,field,Royal Challengers Bengaluru,,,,win
1136609,2018,6,Kolkata,15-05-2018,Indian Premier League,49,male,T20,T20,20,2018,club,Eden Gardens,Kolkata Knight riders,134,6,field,Kolkata Knight riders,,,,win
1136610,2018,6,Mumbai,16-05-2018,Indian Premier League,50,male,T20,T20,20,2018,club,Wankhede Stadium,Punjab Kings,3,494,field,Mumbai Indians,,,,win
1136611,2018,6,Bengaluru,17-05-2018,Indian Premier League,51,male,T20,T20,20,2018,club,M.Chinnaswamy Stadium,Sun risers Hyderabad,1,2,field,Royal Challengers Bengaluru,,,,win
1136612,2018,6,Delhi,18-05-2018,Indian Premier League,52,male,T20,T20,20,2018,club,Arun Jaitley Stadium,Chennai Super Kings,252,129,field,Delhi Capitals,,,,win
1136613,2018,6,Jaipur,19-05-2018,Indian Premier League,53,male,T20,T20,20,2018,club,Sawai Mansingh Stadium,Rajasthan Royals,134,1,bat,Rajasthan Royals,,,,win
1136614,2018,6,Hyderabad,19-05-2018,Indian Premier League,54,male,T20,T20,20,2018,club,Rajiv Gandhi International Stadium,Sun risers Hyderabad,2,6,bat,Kolkata Knight riders,,,,win
1136615,2018,6,Delhi,20-05-2018,Indian Premier League,55,male,T20,T20,20,2018,club,Arun Jaitley Stadium,Delhi Capitals,252,3,bat,Delhi Capitals,,,,win
1136616,2018,6,Pune,20-05-2018,Indian Premier League,56,male,T20,T20,20,2018,club,Maharashtra Cricket Association Stadium,Chennai Super Kings,494,129,field,Chennai Super Kings,,,,win
1136617,2018,6,Mumbai,22-05-2018,Indian Premier League,NULL,male,T20,T20,20,2018,club,Wankhede Stadium,Chennai Super Kings,2,129,field,Chennai Super Kings,,,,win
1136618,2018,6,Kolkata,23-05-2018,Indian Premier League,NULL,male,T20,T20,20,2018,club,Eden Gardens,Rajasthan Royals,6,134,field,Kolkata Knight riders,,,,win
1136619,2018,6,Kolkata,25-05-2018,Indian Premier League,NULL,male,T20,T20,20,2018,club,Eden Gardens,Kolkata Knight riders,2,6,field,Sun risers Hyderabad,,,,win
1136620,2018,6,Mumbai,27-05-2018,Indian Premier League,NULL,male,T20,T20,20,2018,club,Wankhede Stadium,Chennai Super Kings,2,129,field,Chennai Super Kings,,,,win
1175356,2019,6,Chennai,23-03-2019,Indian Premier League,1,male,T20,T20,20,2019,club,MA Chidambaram Stadium,Chennai Super Kings,1,129,field,Chennai Super Kings,,,,win
1175357,2019,6,Kolkata,24-03-2019,Indian Premier League,2,male,T20,T20,20,2019,club,Eden Gardens,Kolkata Knight riders,2,6,field,Kolkata Knight riders,,,,win
1175358,2019,6,Mumbai,24-03-2019,Indian Premier League,3,male,T20,T20,20,2019,club,Wankhede Stadium,Mumbai Indians,252,3,field,Delhi Capitals,,,,win
1175359,2019,6,Jaipur,25-03-2019,Indian Premier League,4,male,T20,T20,20,2019,club,Sawai Mansingh Stadium,Rajasthan Royals,494,134,field,Punjab Kings,,,,win
1175360,2019,6,Delhi,26-03-2019,Indian Premier League,5,male,T20,T20,20,2019,club,Arun Jaitley Stadium,Delhi Capitals,252,129,bat,Chennai Super Kings,,,,win
1175361,2019,6,Kolkata,27-03-2019,Indian Premier League,6,male,T20,T20,20,2019,club,Eden Gardens,Punjab Kings,6,494,field,Kolkata Knight riders,,,,win
1175362,2019,6,Bengaluru,28-03-2019,Indian Premier League,7,male,T20,T20,20,2019,club,M.Chinnaswamy Stadium,Royal Challengers Bengaluru,3,1,field,Mumbai Indians,,,,win
1175363,2019,6,Hyderabad,29-03-2019,Indian Premier League,8,male,T20,T20,20,2019,club,Rajiv Gandhi International Stadium,Rajasthan Royals,134,2,bat,Sun risers Hyderabad,,,,win
1175364,2019,6,Chandigarh,30-03-2019,Indian Premier League,9,male,T20,T20,20,2019,club,Punjab Cricket Association IS Bindra Stadium,Punjab Kings,3,494,field,Punjab Kings,,,,win
1175365,2019,6,Delhi,30-03-2019,Indian Premier League,10,male,T20,T20,20,2019,club,Arun Jaitley Stadium,Delhi Capitals,6,252,field,Delhi Capitals,,,,tie
1175366,2019,6,Hyderabad,31-03-2019,Indian Premier League,11,male,T20,T20,20,2019,club,Rajiv Gandhi International Stadium,Royal Challengers Bengaluru,2,1,field,Sun risers Hyderabad,,,,win
1175367,2019,6,Chennai,31-03-2019,Indian Premier League,12,male,T20,T20,20,2019,club,MA Chidambaram Stadium,Rajasthan Royals,129,134,field,Chennai Super Kings,,,,win
1175368,2019,6,Chandigarh,01-04-2019,Indian Premier League,13,male,T20,T20,20,2019,club,Punjab Cricket Association IS Bindra Stadium,Delhi Capitals,494,252,field,Punjab Kings,,,,win
1175369,2019,6,Jaipur,02-04-2019,Indian Premier League,14,male,T20,T20,20,2019,club,Sawai Mansingh Stadium,Rajasthan Royals,1,134,field,Rajasthan Royals,,,,win
1175370,2019,6,Mumbai,03-04-2019,Indian Premier League,15,male,T20,T20,20,2019,club,Wankhede Stadium,Chennai Super Kings,3,129,field,Mumbai Indians,,,,win
1175371,2019,6,Delhi,04-04-2019,Indian Premier League,16,male,T20,T20,20,2019,club,Arun Jaitley Stadium,Sun risers Hyderabad,252,2,field,Sun risers Hyderabad,,,,win
1175372,2019,6,Bengaluru,05-04-2019,Indian Premier League,17,male,T20,T20,20,2019,club,M.Chinnaswamy Stadium,Kolkata Knight riders,1,6,field,Kolkata Knight riders,,,,win
1178393,2019,6,Chennai,06-04-2019,Indian Premier League,18,male,T20,T20,20,2019,club,MA Chidambaram Stadium,Chennai Super Kings,129,494,bat,Chennai Super Kings,,,,win
1178394,2019,6,Hyderabad,06-04-2019,Indian Premier League,19,male,T20,T20,20,2019,club,Rajiv Gandhi International Stadium,Sun risers Hyderabad,3,2,field,Mumbai Indians,,,,win
1178395,2019,6,Bengaluru,07-04-2019,Indian Premier League,20,male,T20,T20,20,2019,club,M.Chinnaswamy Stadium,Delhi Capitals,1,252,field,Delhi Capitals,,,,win
1178396,2019,6,Jaipur,07-04-2019,Indian Premier League,21,male,T20,T20,20,2019,club,Sawai Mansingh Stadium,Kolkata Knight riders,134,6,field,Kolkata Knight riders,,,,win
1178397,2019,6,Chandigarh,08-04-2019,Indian Premier League,22,male,T20,T20,20,2019,club,Punjab Cricket Association IS Bindra Stadium,Punjab Kings,2,494,field,Punjab Kings,,,,win
1178398,2019,6,Chennai,09-04-2019,Indian Premier League,23,male,T20,T20,20,2019,club,MA Chidambaram Stadium,Chennai Super Kings,6,129,field,Chennai Super Kings,,,,win
1178399,2019,6,Mumbai,10-04-2019,Indian Premier League,24,male,T20,T20,20,2019,club,Wankhede Stadium,Mumbai Indians,494,3,field,Mumbai Indians,,,,win
1178400,2019,6,Jaipur,11-04-2019,Indian Premier League,25,male,T20,T20,20,2019,club,Sawai Mansingh Stadium,Chennai Super Kings,134,129,field,Chennai Super Kings,,,,win
1178401,2019,6,Kolkata,12-04-2019,Indian Premier League,26,male,T20,T20,20,2019,club,Eden Gardens,Delhi Capitals,6,252,field,Delhi Capitals,,,,win
1178402,2019,6,Mumbai,13-04-2019,Indian Premier League,27,male,T20,T20,20,2019,club,Wankhede Stadium,Rajasthan Royals,3,134,field,Rajasthan Royals,,,,win
1178403,2019,6,Chandigarh,13-04-2019,Indian Premier League,28,male,T20,T20,20,2019,club,Punjab Cricket Association IS Bindra Stadium,Royal Challengers Bengaluru,494,1,field,Royal Challengers Bengaluru,,,,win
1178404,2019,6,Kolkata,14-04-2019,Indian Premier League,29,male,T20,T20,20,2019,club,Eden Gardens,Chennai Super Kings,6,129,field,Chennai Super Kings,,,,win
1178405,2019,6,Hyderabad,14-04-2019,Indian Premier League,30,male,T20,T20,20,2019,club,Rajiv Gandhi International Stadium,Sun risers Hyderabad,252,2,field,Delhi Capitals,,,,win
1178406,2019,6,Mumbai,15-04-2019,Indian Premier League,31,male,T20,T20,20,2019,club,Wankhede Stadium,Mumbai Indians,1,3,field,Mumbai Indians,,,,win
1178407,2019,6,Chandigarh,16-04-2019,Indian Premier League,32,male,T20,T20,20,2019,club,Punjab Cricket Association IS Bindra Stadium,Rajasthan Royals,494,134,field,Punjab Kings,,,,win
1178408,2019,6,Hyderabad,17-04-2019,Indian Premier League,33,male,T20,T20,20,2019,club,Rajiv Gandhi International Stadium,Chennai Super Kings,129,2,bat,Sun risers Hyderabad,,,,win
1178409,2019,6,Delhi,18-04-2019,Indian Premier League,34,male,T20,T20,20,2019,club,Arun Jaitley Stadium,Mumbai Indians,3,252,bat,Mumbai Indians,,,,win
1178410,2019,6,Kolkata,19-04-2019,Indian Premier League,35,male,T20,T20,20,2019,club,Eden Gardens,Kolkata Knight riders,1,6,field,Royal Challengers Bengaluru,,,,win
1178411,2019,6,Jaipur,20-04-2019,Indian Premier League,36,male,T20,T20,20,2019,club,Sawai Mansingh Stadium,Rajasthan Royals,3,134,field,Rajasthan Royals,,,,win
1178412,2019,6,Delhi,20-04-2019,Indian Premier League,37,male,T20,T20,20,2019,club,Arun Jaitley Stadium,Delhi Capitals,494,252,field,Delhi Capitals,,,,win
1178413,2019,6,Hyderabad,21-04-2019,Indian Premier League,38,male,T20,T20,20,2019,club,Rajiv Gandhi International Stadium,Sun risers Hyderabad,6,2,field,Sun risers Hyderabad,,,,win
1178414,2019,6,Bengaluru,21-04-2019,Indian Premier League,39,male,T20,T20,20,2019,club,M.Chinnaswamy Stadium,Chennai Super Kings,1,129,field,Royal Challengers Bengaluru,,,,win
1178415,2019,6,Jaipur,22-04-2019,Indian Premier League,40,male,T20,T20,20,2019,club,Sawai Mansingh Stadium,Delhi Capitals,134,252,field,Delhi Capitals,,,,win
1178416,2019,6,Chennai,23-04-2019,Indian Premier League,41,male,T20,T20,20,2019,club,MA Chidambaram Stadium,Chennai Super Kings,2,129,field,Chennai Super Kings,,,,win
1178417,2019,6,Bengaluru,24-04-2019,Indian Premier League,42,male,T20,T20,20,2019,club,M.Chinnaswamy Stadium,Punjab Kings,1,494,field,Royal Challengers Bengaluru,,,,win
1178418,2019,6,Kolkata,25-04-2019,Indian Premier League,43,male,T20,T20,20,2019,club,Eden Gardens,Rajasthan Royals,6,134,field,Rajasthan Royals,,,,win
1178419,2019,6,Chennai,26-04-2019,Indian Premier League,44,male,T20,T20,20,2019,club,MA Chidambaram Stadium,Chennai Super Kings,3,129,field,Mumbai Indians,,,,win
1178420,2019,6,Jaipur,27-04-2019,Indian Premier League,45,male,T20,T20,20,2019,club,Sawai Mansingh Stadium,Rajasthan Royals,2,134,field,Rajasthan Royals,,,,win
1178421,2019,6,Delhi,28-04-2019,Indian Premier League,46,male,T20,T20,20,2019,club,Arun Jaitley Stadium,Delhi Capitals,252,1,bat,Delhi Capitals,,,,win
1178422,2019,6,Kolkata,28-04-2019,Indian Premier League,47,male,T20,T20,20,2019,club,Eden Gardens,Mumbai Indians,6,3,field,Kolkata Knight riders,,,,win
1178423,2019,6,Hyderabad,29-04-2019,Indian Premier League,48,male,T20,T20,20,2019,club,Rajiv Gandhi International Stadium,Punjab Kings,2,494,field,Sun risers Hyderabad,,,,win
1178424,2019,6,Bengaluru,30-04-2019,Indian Premier League,49,male,T20,T20,20,2019,club,M.Chinnaswamy Stadium,Rajasthan Royals,1,134,field,Rajasthan Royals,,,,no result
1178425,2019,6,Chennai,01-05-2019,Indian Premier League,50,male,T20,T20,20,2019,club,MA Chidambaram Stadium,Delhi Capitals,129,252,field,Chennai Super Kings,,,,win
1178426,2019,6,Mumbai,02-05-2019,Indian Premier League,51,male,T20,T20,20,2019,club,Wankhede Stadium,Mumbai Indians,3,2,bat,Sun risers Hyderabad,,,,tie
1178427,2019,6,Chandigarh,03-05-2019,Indian Premier League,52,male,T20,T20,20,2019,club,Punjab Cricket Association IS Bindra Stadium,Kolkata Knight riders,494,6,field,Kolkata Knight riders,,,,win
1178428,2019,6,Delhi,04-05-2019,Indian Premier League,53,male,T20,T20,20,2019,club,Arun Jaitley Stadium,Rajasthan Royals,134,252,bat,Delhi Capitals,,,,win
1178429,2019,6,Bengaluru,04-05-2019,Indian Premier League,54,male,T20,T20,20,2019,club,M.Chinnaswamy Stadium,Royal Challengers Bengaluru,2,1,field,Royal Challengers Bengaluru,,,,win
1178430,2019,6,Chandigarh,05-05-2019,Indian Premier League,55,male,T20,T20,20,2019,club,Punjab Cricket Association IS Bindra Stadium,Punjab Kings,129,494,field,Punjab Kings,,,,win
1178431,2019,6,Mumbai,05-05-2019,Indian Premier League,56,male,T20,T20,20,2019,club,Wankhede Stadium,Mumbai Indians,6,3,field,Mumbai Indians,,,,win
1181764,2019,6,Chennai,07-05-2019,Indian Premier League,NULL,male,T20,T20,20,2019,club,MA Chidambaram Stadium,Chennai Super Kings,129,3,bat,Mumbai Indians,,,,win
1181766,2019,6,Visakhapatnam,08-05-2019,Indian Premier League,NULL,male,T20,T20,20,2019,club,Dr. Y.S. Rajasekhara Reddy ACA-VDCA Cricket Stadium,Delhi Capitals,2,252,field,Delhi Capitals,,,,win
1181767,2019,6,Visakhapatnam,10-05-2019,Indian Premier League,NULL,male,T20,T20,20,2019,club,Dr. Y.S. Rajasekhara Reddy ACA-VDCA Cricket Stadium,Chennai Super Kings,252,129,field,Chennai Super Kings,,,,win
1181768,2019,6,Hyderabad,12-05-2019,Indian Premier League,NULL,male,T20,T20,20,2019,club,Rajiv Gandhi International Stadium,Mumbai Indians,3,129,bat,Mumbai Indians,,,,win
1216492,2020,6,Abu Dhabi,19-09-2020,Indian Premier League,1,male,T20,T20,20,2020/21,club,Sheikh Zayed Stadium,Chennai Super Kings,3,129,field,Chennai Super Kings,,,,win
1216493,2020,6,NULL,20-09-2020,Indian Premier League,2,male,T20,T20,20,2020/21,club,Dubai International Cricket Stadium,Punjab Kings,252,494,field,Punjab Kings,,,,tie
1216494,2020,6,Abu Dhabi,21-10-2020,Indian Premier League,39,male,T20,T20,20,2020/21,club,Sheikh Zayed Stadium,Kolkata Knight riders,6,1,bat,Royal Challengers Bengaluru,,,,win
1216495,2020,6,NULL,03-11-2020,Indian Premier League,56,male,T20,T20,20,2020/21,club,Sharjah Cricket Stadium,Sun risers Hyderabad,3,2,field,Sun risers Hyderabad,,,,win
1216496,2020,6,NULL,22-09-2020,Indian Premier League,4,male,T20,T20,20,2020/21,club,Sharjah Cricket Stadium,Chennai Super Kings,134,129,field,Rajasthan Royals,,,,win
1216497,2020,6,Abu Dhabi,24-10-2020,Indian Premier League,42,male,T20,T20,20,2020/21,club,Sheikh Zayed Stadium,Delhi Capitals,6,252,field,Kolkata Knight riders,,,,win
1216498,2020,6,NULL,24-10-2020,Indian Premier League,43,male,T20,T20,20,2020/21,club,Dubai International Cricket Stadium,Sun risers Hyderabad,494,2,field,Punjab Kings,,,,win
1216499,2020,6,Abu Dhabi,28-10-2020,Indian Premier League,48,male,T20,T20,20,2020/21,club,Sheikh Zayed Stadium,Mumbai Indians,1,3,field,Mumbai Indians,,,,win
1216500,2020,6,NULL,09-10-2020,Indian Premier League,23,male,T20,T20,20,2020/21,club,Sharjah Cricket Stadium,Rajasthan Royals,252,134,field,Delhi Capitals,,,,win
1216501,2020,6,Abu Dhabi,07-10-2020,Indian Premier League,21,male,T20,T20,20,2020/21,club,Sheikh Zayed Stadium,Kolkata Knight riders,6,129,bat,Kolkata Knight riders,,,,win
1216502,2020,6,NULL,31-10-2020,Indian Premier League,52,male,T20,T20,20,2020/21,club,Sharjah Cricket Stadium,Sun risers Hyderabad,1,2,field,Sun risers Hyderabad,,,,win
1216503,2020,6,Abu Dhabi,01-10-2020,Indian Premier League,13,male,T20,T20,20,2020/21,club,Sheikh Zayed Stadium,Punjab Kings,3,494,field,Mumbai Indians,,,,win
1216504,2020,6,NULL,30-09-2020,Indian Premier League,12,male,T20,T20,20,2020/21,club,Dubai International Cricket Stadium,Rajasthan Royals,6,134,field,Kolkata Knight riders,,,,win
1216505,2020,6,Abu Dhabi,02-11-2020,Indian Premier League,55,male,T20,T20,20,2020/21,club,Sheikh Zayed Stadium,Delhi Capitals,1,252,field,Delhi Capitals,,,,win
1216506,2020,6,Abu Dhabi,01-11-2020,Indian Premier League,53,male,T20,T20,20,2020/21,club,Sheikh Zayed Stadium,Chennai Super Kings,494,129,field,Chennai Super Kings,,,,win
1216507,2020,6,NULL,11-10-2020,Indian Premier League,26,male,T20,T20,20,2020/21,club,Dubai International Cricket Stadium,Sun risers Hyderabad,2,134,bat,Rajasthan Royals,,,,win
1216508,2020,6,Abu Dhabi,23-09-2020,Indian Premier League,5,male,T20,T20,20,2020/21,club,Sheikh Zayed Stadium,Kolkata Knight riders,3,6,field,Mumbai Indians,,,,win
1216509,2020,6,NULL,17-10-2020,Indian Premier League,34,male,T20,T20,20,2020/21,club,Sharjah Cricket Stadium,Chennai Super Kings,129,252,bat,Delhi Capitals,,,,win
1216510,2020,6,NULL,24-09-2020,Indian Premier League,6,male,T20,T20,20,2020/21,club,Dubai International Cricket Stadium,Royal Challengers Bengaluru,494,1,field,Punjab Kings,,,,win
1216511,2020,6,Abu Dhabi,06-10-2020,Indian Premier League,20,male,T20,T20,20,2020/21,club,Sheikh Zayed Stadium,Mumbai Indians,3,134,bat,Mumbai Indians,,,,win
1216512,2020,6,Abu Dhabi,18-10-2020,Indian Premier League,35,male,T20,T20,20,2020/21,club,Sheikh Zayed Stadium,Sun risers Hyderabad,6,2,field,Sun risers Hyderabad,,,,tie
1216513,2020,6,NULL,04-10-2020,Indian Premier League,18,male,T20,T20,20,2020/21,club,Dubai International Cricket Stadium,Punjab Kings,494,129,bat,Chennai Super Kings,,,,win
1216514,2020,6,Abu Dhabi,03-10-2020,Indian Premier League,15,male,T20,T20,20,2020/21,club,Sheikh Zayed Stadium,Rajasthan Royals,134,1,bat,Royal Challengers Bengaluru,,,,win
1216515,2020,6,NULL,03-10-2020,Indian Premier League,16,male,T20,T20,20,2020/21,club,Sharjah Cricket Stadium,Kolkata Knight riders,252,6,field,Delhi Capitals,,,,win
1216516,2020,6,NULL,02-10-2020,Indian Premier League,14,male,T20,T20,20,2020/21,club,Dubai International Cricket Stadium,Sun risers Hyderabad,2,129,bat,Sun risers Hyderabad,,,,win
1216517,2020,6,NULL,18-10-2020,Indian Premier League,36,male,T20,T20,20,2020/21,club,Dubai International Cricket Stadium,Mumbai Indians,3,494,bat,Punjab Kings,,,,tie
1216518,2020,6,NULL,22-10-2020,Indian Premier League,40,male,T20,T20,20,2020/21,club,Dubai International Cricket Stadium,Sun risers Hyderabad,134,2,field,Sun risers Hyderabad,,,,win
1216519,2020,6,NULL,05-10-2020,Indian Premier League,19,male,T20,T20,20,2020/21,club,Dubai International Cricket Stadium,Royal Challengers Bengaluru,252,1,field,Delhi Capitals,,,,win
1216520,2020,6,NULL,26-10-2020,Indian Premier League,46,male,T20,T20,20,2020/21,club,Sharjah Cricket Stadium,Punjab Kings,6,494,field,Punjab Kings,,,,win
1216521,2020,6,NULL,23-10-2020,Indian Premier League,41,male,T20,T20,20,2020/21,club,Sharjah Cricket Stadium,Mumbai Indians,129,3,field,Mumbai Indians,,,,win
1216522,2020,6,NULL,17-10-2020,Indian Premier League,33,male,T20,T20,20,2020/21,club,Dubai International Cricket Stadium,Rajasthan Royals,134,1,bat,Royal Challengers Bengaluru,,,,win
1216523,2020,6,Abu Dhabi,10-10-2020,Indian Premier League,24,male,T20,T20,20,2020/21,club,Sheikh Zayed Stadium,Kolkata Knight riders,6,494,bat,Kolkata Knight riders,,,,win
1216524,2020,6,NULL,27-10-2020,Indian Premier League,47,male,T20,T20,20,2020/21,club,Dubai International Cricket Stadium,Delhi Capitals,2,252,field,Sun risers Hyderabad,,,,win
1216525,2020,6,NULL,10-10-2020,Indian Premier League,25,male,T20,T20,20,2020/21,club,Dubai International Cricket Stadium,Royal Challengers Bengaluru,1,129,bat,Royal Challengers Bengaluru,,,,win
1216526,2020,6,Abu Dhabi,16-10-2020,Indian Premier League,32,male,T20,T20,20,2020/21,club,Sheikh Zayed Stadium,Kolkata Knight riders,6,3,bat,Mumbai Indians,,,,win
1216527,2020,6,NULL,27-09-2020,Indian Premier League,9,male,T20,T20,20,2020/21,club,Sharjah Cricket Stadium,Rajasthan Royals,494,134,field,Rajasthan Royals,,,,win
1216528,2020,6,NULL,13-10-2020,Indian Premier League,29,male,T20,T20,20,2020/21,club,Dubai International Cricket Stadium,Chennai Super Kings,129,2,bat,Chennai Super Kings,,,,win
1216529,2020,6,Abu Dhabi,11-10-2020,Indian Premier League,27,male,T20,T20,20,2020/21,club,Sheikh Zayed Stadium,Delhi Capitals,252,3,bat,Mumbai Indians,,,,win
1216530,2020,6,NULL,01-11-2020,Indian Premier League,54,male,T20,T20,20,2020/21,club,Dubai International Cricket Stadium,Rajasthan Royals,6,134,field,Kolkata Knight riders,,,,win
1216531,2020,6,NULL,15-10-2020,Indian Premier League,31,male,T20,T20,20,2020/21,club,Sharjah Cricket Stadium,Royal Challengers Bengaluru,1,494,bat,Punjab Kings,,,,win
1216532,2020,6,Abu Dhabi,29-09-2020,Indian Premier League,11,male,T20,T20,20,2020/21,club,Sheikh Zayed Stadium,Delhi Capitals,2,252,field,Sun risers Hyderabad,,,,win
1216533,2020,6,Abu Dhabi,19-10-2020,Indian Premier League,37,male,T20,T20,20,2020/21,club,Sheikh Zayed Stadium,Chennai Super Kings,129,134,bat,Rajasthan Royals,,,,win
1216534,2020,6,NULL,21-09-2020,Indian Premier League,3,male,T20,T20,20,2020/21,club,Dubai International Cricket Stadium,Sun risers Hyderabad,1,2,field,Royal Challengers Bengaluru,,,,win
1216535,2020,6,NULL,31-10-2020,Indian Premier League,51,male,T20,T20,20,2020/21,club,Dubai International Cricket Stadium,Mumbai Indians,252,3,field,Mumbai Indians,,,,win
1216536,2020,6,NULL,29-10-2020,Indian Premier League,49,male,T20,T20,20,2020/21,club,Dubai International Cricket Stadium,Chennai Super Kings,6,129,field,Chennai Super Kings,,,,win
1216537,2020,6,Abu Dhabi,30-10-2020,Indian Premier League,50,male,T20,T20,20,2020/21,club,Sheikh Zayed Stadium,Rajasthan Royals,494,134,field,Rajasthan Royals,,,,win
1216538,2020,6,NULL,04-10-2020,Indian Premier League,17,male,T20,T20,20,2020/21,club,Sharjah Cricket Stadium,Mumbai Indians,3,2,bat,Mumbai Indians,,,,win
1216539,2020,6,NULL,25-09-2020,Indian Premier League,7,male,T20,T20,20,2020/21,club,Dubai International Cricket Stadium,Chennai Super Kings,252,129,field,Delhi Capitals,,,,win
1216540,2020,6,NULL,12-10-2020,Indian Premier League,28,male,T20,T20,20,2020/21,club,Sharjah Cricket Stadium,Royal Challengers Bengaluru,1,6,bat,Royal Challengers Bengaluru,,,,win
1216541,2020,6,Abu Dhabi,25-10-2020,Indian Premier League,45,male,T20,T20,20,2020/21,club,Sheikh Zayed Stadium,Mumbai Indians,3,134,bat,Rajasthan Royals,,,,win
1216542,2020,6,NULL,08-10-2020,Indian Premier League,22,male,T20,T20,20,2020/21,club,Dubai International Cricket Stadium,Sun risers Hyderabad,2,494,bat,Sun risers Hyderabad,,,,win
1216543,2020,6,NULL,14-10-2020,Indian Premier League,30,male,T20,T20,20,2020/21,club,Dubai International Cricket Stadium,Delhi Capitals,252,134,bat,Delhi Capitals,,,,win
1216544,2020,6,NULL,25-10-2020,Indian Premier League,44,male,T20,T20,20,2020/21,club,Dubai International Cricket Stadium,Royal Challengers Bengaluru,1,129,bat,Chennai Super Kings,,,,win
1216545,2020,6,Abu Dhabi,26-09-2020,Indian Premier League,8,male,T20,T20,20,2020/21,club,Sheikh Zayed Stadium,Sun risers Hyderabad,2,6,bat,Kolkata Knight riders,,,,win
1216546,2020,6,NULL,20-10-2020,Indian Premier League,38,male,T20,T20,20,2020/21,club,Dubai International Cricket Stadium,Delhi Capitals,252,494,bat,Punjab Kings,,,,win
1216547,2020,6,NULL,28-09-2020,Indian Premier League,10,male,T20,T20,20,2020/21,club,Dubai International Cricket Stadium,Mumbai Indians,1,3,field,Mumbai Indians,,,,tie
1237177,2020,6,NULL,05-11-2020,Indian Premier League,NULL,male,T20,T20,20,2020/21,club,Dubai International Cricket Stadium,Delhi Capitals,3,252,field,Mumbai Indians,,,,win
1237178,2020,6,Abu Dhabi,06-11-2020,Indian Premier League,NULL,male,T20,T20,20,2020/21,club,Sheikh Zayed Stadium,Sun risers Hyderabad,1,2,field,Sun risers Hyderabad,,,,win
1237180,2020,6,Abu Dhabi,08-11-2020,Indian Premier League,NULL,male,T20,T20,20,2020/21,club,Sheikh Zayed Stadium,Delhi Capitals,252,2,bat,Delhi Capitals,,,,win
1237181,2020,6,NULL,10-11-2020,Indian Premier League,NULL,male,T20,T20,20,2020/21,club,Dubai International Cricket Stadium,Delhi Capitals,252,3,bat,Mumbai Indians,,,,win
1254058,2021,6,Chennai,09-04-2021,Indian Premier League,1,male,T20,T20,20,2021,club,"MA Chidambaram Stadium, Chepauk, Chennai",Royal Challengers Bengaluru,3,1,field,Royal Challengers Bengaluru,,,,win
1254059,2021,6,Mumbai,10-04-2021,Indian Premier League,2,male,T20,T20,20,2021,club,"Wankhede Stadium, Mumbai",Delhi Capitals,129,252,field,Delhi Capitals,,,,win
1254060,2021,6,Chennai,11-04-2021,Indian Premier League,3,male,T20,T20,20,2021,club,"MA Chidambaram Stadium, Chepauk, Chennai",Sun risers Hyderabad,6,2,field,Kolkata Knight riders,,,,win
1254061,2021,6,Mumbai,12-04-2021,Indian Premier League,4,male,T20,T20,20,2021,club,"Wankhede Stadium, Mumbai",Rajasthan Royals,494,134,field,Punjab Kings,,,,win
1254062,2021,6,Chennai,13-04-2021,Indian Premier League,5,male,T20,T20,20,2021,club,"MA Chidambaram Stadium, Chepauk, Chennai",Kolkata Knight riders,3,6,field,Mumbai Indians,,,,win
1254063,2021,6,Chennai,14-04-2021,Indian Premier League,6,male,T20,T20,20,2021,club,"MA Chidambaram Stadium, Chepauk, Chennai",Sun risers Hyderabad,1,2,field,Royal Challengers Bengaluru,,,,win
1254064,2021,6,Mumbai,15-04-2021,Indian Premier League,7,male,T20,T20,20,2021,club,"Wankhede Stadium, Mumbai",Rajasthan Royals,252,134,field,Rajasthan Royals,,,,win
1254065,2021,6,Mumbai,16-04-2021,Indian Premier League,8,male,T20,T20,20,2021,club,"Wankhede Stadium, Mumbai",Chennai Super Kings,494,129,field,Chennai Super Kings,,,,win
1254066,2021,6,Chennai,17-04-2021,Indian Premier League,9,male,T20,T20,20,2021,club,"MA Chidambaram Stadium, Chepauk, Chennai",Mumbai Indians,3,2,bat,Mumbai Indians,,,,win
1254067,2021,6,Chennai,18-04-2021,Indian Premier League,10,male,T20,T20,20,2021,club,"MA Chidambaram Stadium, Chepauk, Chennai",Royal Challengers Bengaluru,1,6,bat,Royal Challengers Bengaluru,,,,win
1254068,2021,6,Mumbai,18-04-2021,Indian Premier League,11,male,T20,T20,20,2021,club,"Wankhede Stadium, Mumbai",Delhi Capitals,494,252,field,Delhi Capitals,,,,win
1254069,2021,6,Mumbai,19-04-2021,Indian Premier League,12,male,T20,T20,20,2021,club,"Wankhede Stadium, Mumbai",Rajasthan Royals,129,134,field,Chennai Super Kings,,,,win
1254070,2021,6,Chennai,20-04-2021,Indian Premier League,13,male,T20,T20,20,2021,club,"MA Chidambaram Stadium, Chepauk, Chennai",Mumbai Indians,3,252,bat,Delhi Capitals,,,,win
1254071,2021,6,Chennai,21-04-2021,Indian Premier League,14,male,T20,T20,20,2021,club,"MA Chidambaram Stadium, Chepauk, Chennai",Punjab Kings,494,2,bat,Sun risers Hyderabad,,,,win
1254072,2021,6,Mumbai,21-04-2021,Indian Premier League,15,male,T20,T20,20,2021,club,"Wankhede Stadium, Mumbai",Kolkata Knight riders,129,6,field,Chennai Super Kings,,,,win
1254073,2021,6,Mumbai,22-04-2021,Indian Premier League,16,male,T20,T20,20,2021,club,"Wankhede Stadium, Mumbai",Royal Challengers Bengaluru,134,1,field,Royal Challengers Bengaluru,,,,win
1254074,2021,6,Chennai,23-04-2021,Indian Premier League,17,male,T20,T20,20,2021,club,"MA Chidambaram Stadium, Chepauk, Chennai",Punjab Kings,3,494,field,Punjab Kings,,,,win
1254075,2021,6,Mumbai,24-04-2021,Indian Premier League,18,male,T20,T20,20,2021,club,"Wankhede Stadium, Mumbai",Rajasthan Royals,6,134,field,Rajasthan Royals,,,,win
1254076,2021,6,Mumbai,25-04-2021,Indian Premier League,19,male,T20,T20,20,2021,club,"Wankhede Stadium, Mumbai",Chennai Super Kings,129,1,bat,Chennai Super Kings,,,,win
1254077,2021,6,Chennai,25-04-2021,Indian Premier League,20,male,T20,T20,20,2021,club,"MA Chidambaram Stadium, Chepauk, Chennai",Delhi Capitals,252,2,bat,Sun risers Hyderabad,,,,tie
1254078,2021,6,Ahmedabad,26-04-2021,Indian Premier League,21,male,T20,T20,20,2021,club,"Narendra Modi Stadium, Ahmedabad",Kolkata Knight riders,494,6,field,Kolkata Knight riders,,,,win
1254079,2021,6,Ahmedabad,27-04-2021,Indian Premier League,22,male,T20,T20,20,2021,club,"Narendra Modi Stadium, Ahmedabad",Delhi Capitals,1,252,field,Royal Challengers Bengaluru,,,,win
1254080,2021,6,Delhi,28-04-2021,Indian Premier League,23,male,T20,T20,20,2021,club,"Arun Jaitley Stadium, Delhi",Sun risers Hyderabad,2,129,bat,Chennai Super Kings,,,,win
1254081,2021,6,Delhi,29-04-2021,Indian Premier League,24,male,T20,T20,20,2021,club,"Arun Jaitley Stadium, Delhi",Mumbai Indians,134,3,field,Mumbai Indians,,,,win
1254082,2021,6,Ahmedabad,29-04-2021,Indian Premier League,25,male,T20,T20,20,2021,club,"Narendra Modi Stadium, Ahmedabad",Delhi Capitals,6,252,field,Delhi Capitals,,,,win
1254083,2021,6,Ahmedabad,30-04-2021,Indian Premier League,26,male,T20,T20,20,2021,club,"Narendra Modi Stadium, Ahmedabad",Royal Challengers Bengaluru,494,1,field,Punjab Kings,,,,win
1254084,2021,6,Delhi,01-05-2021,Indian Premier League,27,male,T20,T20,20,2021,club,"Arun Jaitley Stadium, Delhi",Mumbai Indians,129,3,field,Mumbai Indians,,,,win
1254085,2021,6,Delhi,02-05-2021,Indian Premier League,28,male,T20,T20,20,2021,club,"Arun Jaitley Stadium, Delhi",Sun risers Hyderabad,134,2,field,Rajasthan Royals,,,,win
1254086,2021,6,Ahmedabad,02-05-2021,Indian Premier League,29,male,T20,T20,20,2021,club,"Narendra Modi Stadium, Ahmedabad",Delhi Capitals,494,252,field,Delhi Capitals,,,,win
1254087,2021,6,Abu Dhabi,20-09-2021,Indian Premier League,31,male,T20,T20,20,2021,club,"Zayed Cricket Stadium, Abu Dhabi",Royal Challengers Bengaluru,1,6,bat,Kolkata Knight riders,,,,win
1254088,2021,6,Abu Dhabi,08-10-2021,Indian Premier League,55,male,T20,T20,20,2021,club,"Zayed Cricket Stadium, Abu Dhabi",Mumbai Indians,3,2,bat,Mumbai Indians,,,,win
1254089,2021,6,Abu Dhabi,02-10-2021,Indian Premier League,47,male,T20,T20,20,2021,club,"Zayed Cricket Stadium, Abu Dhabi",Rajasthan Royals,129,134,field,Rajasthan Royals,,,,win
1254090,2021,6,Sharjah,03-10-2021,Indian Premier League,48,male,T20,T20,20,2021,club,Sharjah Cricket Stadium,Royal Challengers Bengaluru,1,494,bat,Royal Challengers Bengaluru,,,,win
1254091,2021,6,Sharjah,30-09-2021,Indian Premier League,44,male,T20,T20,20,2021,club,Sharjah Cricket Stadium,Chennai Super Kings,2,129,field,Chennai Super Kings,,,,win
1254092,2021,6,Sharjah,28-09-2021,Indian Premier League,41,male,T20,T20,20,2021,club,Sharjah Cricket Stadium,Kolkata Knight riders,252,6,field,Kolkata Knight riders,,,,win
1254093,2021,6,Sharjah,05-10-2021,Indian Premier League,51,male,T20,T20,20,2021,club,Sharjah Cricket Stadium,Mumbai Indians,134,3,field,Mumbai Indians,,,,win
1254094,2021,6,Dubai,07-10-2021,Indian Premier League,53,male,T20,T20,20,2021,club,Dubai International Cricket Stadium,Punjab Kings,129,494,field,Punjab Kings,,,,win
1254095,2021,6,Abu Dhabi,06-10-2021,Indian Premier League,52,male,T20,T20,20,2021,club,"Zayed Cricket Stadium, Abu Dhabi",Royal Challengers Bengaluru,2,1,field,Sun risers Hyderabad,,,,win
1254096,2021,6,Abu Dhabi,23-09-2021,Indian Premier League,34,male,T20,T20,20,2021,club,"Zayed Cricket Stadium, Abu Dhabi",Kolkata Knight riders,3,6,field,Kolkata Knight riders,,,,win
1254097,2021,6,Abu Dhabi,25-09-2021,Indian Premier League,36,male,T20,T20,20,2021,club,"Zayed Cricket Stadium, Abu Dhabi",Rajasthan Royals,252,134,field,Delhi Capitals,,,,win
1254098,2021,6,Abu Dhabi,26-09-2021,Indian Premier League,38,male,T20,T20,20,2021,club,"Zayed Cricket Stadium, Abu Dhabi",Kolkata Knight riders,6,129,bat,Chennai Super Kings,,,,win
1254099,2021,6,Abu Dhabi,28-09-2021,Indian Premier League,42,male,T20,T20,20,2021,club,"Zayed Cricket Stadium, Abu Dhabi",Mumbai Indians,494,3,field,Mumbai Indians,,,,win
1254100,2021,6,Dubai,27-09-2021,Indian Premier League,40,male,T20,T20,20,2021,club,Dubai International Cricket Stadium,Rajasthan Royals,134,2,bat,Sun risers Hyderabad,,,,win
1254101,2021,6,Dubai,08-10-2021,Indian Premier League,56,male,T20,T20,20,2021,club,Dubai International Cricket Stadium,Royal Challengers Bengaluru,252,1,field,Royal Challengers Bengaluru,,,,win
1254102,2021,6,Dubai,01-10-2021,Indian Premier League,45,male,T20,T20,20,2021,club,Dubai International Cricket Stadium,Punjab Kings,6,494,field,Punjab Kings,,,,win
1254103,2021,6,Dubai,29-09-2021,Indian Premier League,43,male,T20,T20,20,2021,club,Dubai International Cricket Stadium,Royal Challengers Bengaluru,134,1,field,Royal Challengers Bengaluru,,,,win
1254104,2021,6,Dubai,19-09-2021,Indian Premier League,30,male,T20,T20,20,2021,club,Dubai International Cricket Stadium,Chennai Super Kings,129,3,bat,Chennai Super Kings,,,,win
1254105,2021,6,Dubai,22-09-2021,Indian Premier League,33,male,T20,T20,20,2021,club,Dubai International Cricket Stadium,Sun risers Hyderabad,2,252,bat,Delhi Capitals,,,,win
1254106,2021,6,Sharjah,07-10-2021,Indian Premier League,54,male,T20,T20,20,2021,club,Sharjah Cricket Stadium,Rajasthan Royals,6,134,field,Kolkata Knight riders,,,,win
1254107,2021,6,Sharjah,25-09-2021,Indian Premier League,37,male,T20,T20,20,2021,club,Sharjah Cricket Stadium,Sun risers Hyderabad,494,2,field,Punjab Kings,,,,win
1254108,2021,6,Dubai,26-09-2021,Indian Premier League,39,male,T20,T20,20,2021,club,Dubai International Cricket Stadium,Mumbai Indians,1,3,field,Royal Challengers Bengaluru,,,,win
1254109,2021,6,Dubai,03-10-2021,Indian Premier League,49,male,T20,T20,20,2021,club,Dubai International Cricket Stadium,Sun risers Hyderabad,2,6,bat,Kolkata Knight riders,,,,win
1254110,2021,6,Dubai,04-10-2021,Indian Premier League,50,male,T20,T20,20,2021,club,Dubai International Cricket Stadium,Delhi Capitals,129,252,field,Delhi Capitals,,,,win
1254111,2021,6,Dubai,21-09-2021,Indian Premier League,32,male,T20,T20,20,2021,club,Dubai International Cricket Stadium,Punjab Kings,134,494,field,Rajasthan Royals,,,,win
1254112,2021,6,Sharjah,02-10-2021,Indian Premier League,46,male,T20,T20,20,2021,club,Sharjah Cricket Stadium,Delhi Capitals,3,252,field,Delhi Capitals,,,,win
1254113,2021,6,Sharjah,24-09-2021,Indian Premier League,35,male,T20,T20,20,2021,club,Sharjah Cricket Stadium,Chennai Super Kings,1,129,field,Chennai Super Kings,,,,win
1254114,2021,6,Dubai,10-10-2021,Indian Premier League,NULL,male,T20,T20,20,2021,club,Dubai International Cricket Stadium,Chennai Super Kings,252,129,field,Chennai Super Kings,,,,win
1254115,2021,6,Sharjah,11-10-2021,Indian Premier League,NULL,male,T20,T20,20,2021,club,Sharjah Cricket Stadium,Royal Challengers Bengaluru,1,6,bat,Kolkata Knight riders,,,,win
1254116,2021,6,Sharjah,13-10-2021,Indian Premier League,NULL,male,T20,T20,20,2021,club,Sharjah Cricket Stadium,Kolkata Knight riders,252,6,field,Kolkata Knight riders,,,,win
1254117,2021,6,Dubai,15-10-2021,Indian Premier League,NULL,male,T20,T20,20,2021,club,Dubai International Cricket Stadium,Kolkata Knight riders,129,6,field,Chennai Super Kings,,,,win
1304047,2022,6,Mumbai,26-03-2022,Indian Premier League,1,male,T20,T20,20,2022,club,"Wankhede Stadium, Mumbai",Kolkata Knight riders,129,6,field,Kolkata Knight riders,,,,win
1304048,2022,6,Mumbai,27-03-2022,Indian Premier League,2,male,T20,T20,20,2022,club,"Brabourne Stadium, Mumbai",Delhi Capitals,3,252,field,Delhi Capitals,,,,win
1304049,2022,6,Mumbai,27-03-2022,Indian Premier League,3,male,T20,T20,20,2022,club,"Dr DY Patil Sports Academy, Mumbai",Punjab Kings,1,494,field,Punjab Kings,,,,win
1304050,2022,6,Mumbai,28-03-2022,Indian Premier League,4,male,T20,T20,20,2022,club,"Wankhede Stadium, Mumbai",Gujarat Titans,614,615,field,Gujarat Titans,,,,win
1304051,2022,6,Pune,29-03-2022,Indian Premier League,5,male,T20,T20,20,2022,club,"Maharashtra Cricket Association Stadium, Pune",Sun risers Hyderabad,134,2,field,Rajasthan Royals,,,,win
1304052,2022,6,Mumbai,30-03-2022,Indian Premier League,6,male,T20,T20,20,2022,club,"Dr DY Patil Sports Academy, Mumbai",Royal Challengers Bengaluru,6,1,field,Royal Challengers Bengaluru,,,,win
1304053,2022,6,Mumbai,31-03-2022,Indian Premier League,7,male,T20,T20,20,2022,club,"Brabourne Stadium, Mumbai",Lucknow Super Giants,129,614,field,Lucknow Super Giants,,,,win
1304054,2022,6,Mumbai,01-04-2022,Indian Premier League,8,male,T20,T20,20,2022,club,"Wankhede Stadium, Mumbai",Kolkata Knight riders,494,6,field,Kolkata Knight riders,,,,win
1304055,2022,6,Mumbai,02-04-2022,Indian Premier League,9,male,T20,T20,20,2022,club,"Dr DY Patil Sports Academy, Mumbai",Mumbai Indians,134,3,field,Rajasthan Royals,,,,win
1304056,2022,6,Pune,02-04-2022,Indian Premier League,10,male,T20,T20,20,2022,club,"Maharashtra Cricket Association Stadium, Pune",Delhi Capitals,615,252,field,Gujarat Titans,,,,win
1304057,2022,6,Mumbai,03-04-2022,Indian Premier League,11,male,T20,T20,20,2022,club,"Brabourne Stadium, Mumbai",Chennai Super Kings,494,129,field,Punjab Kings,,,,win
1304058,2022,6,Mumbai,04-04-2022,Indian Premier League,12,male,T20,T20,20,2022,club,"Dr DY Patil Sports Academy, Mumbai",Sun risers Hyderabad,614,2,field,Lucknow Super Giants,,,,win
1304059,2022,6,Mumbai,05-04-2022,Indian Premier League,13,male,T20,T20,20,2022,club,"Wankhede Stadium, Mumbai",Royal Challengers Bengaluru,134,1,field,Royal Challengers Bengaluru,,,,win
1304060,2022,6,Pune,06-04-2022,Indian Premier League,14,male,T20,T20,20,2022,club,"Maharashtra Cricket Association Stadium, Pune",Kolkata Knight riders,3,6,field,Kolkata Knight riders,,,,win
1304061,2022,6,Mumbai,07-04-2022,Indian Premier League,15,male,T20,T20,20,2022,club,"Dr DY Patil Sports Academy, Mumbai",Lucknow Super Giants,252,614,field,Lucknow Super Giants,,,,win
1304062,2022,6,Mumbai,08-04-2022,Indian Premier League,16,male,T20,T20,20,2022,club,"Brabourne Stadium, Mumbai",Gujarat Titans,494,615,field,Gujarat Titans,,,,win
1304063,2022,6,Mumbai,09-04-2022,Indian Premier League,17,male,T20,T20,20,2022,club,"Dr DY Patil Sports Academy, Mumbai",Sun risers Hyderabad,129,2,field,Sun risers Hyderabad,,,,win
1304064,2022,6,Pune,09-04-2022,Indian Premier League,18,male,T20,T20,20,2022,club,"Maharashtra Cricket Association Stadium, Pune",Royal Challengers Bengaluru,3,1,field,Royal Challengers Bengaluru,,,,win
1304065,2022,6,Mumbai,10-04-2022,Indian Premier League,19,male,T20,T20,20,2022,club,"Brabourne Stadium, Mumbai",Kolkata Knight riders,252,6,field,Delhi Capitals,,,,win
1304066,2022,6,Mumbai,10-04-2022,Indian Premier League,20,male,T20,T20,20,2022,club,"Wankhede Stadium, Mumbai",Lucknow Super Giants,134,614,field,Rajasthan Royals,,,,win
1304067,2022,6,Mumbai,11-04-2022,Indian Premier League,21,male,T20,T20,20,2022,club,"Dr DY Patil Sports Academy, Mumbai",Sun risers Hyderabad,615,2,field,Sun risers Hyderabad,,,,win
1304068,2022,6,Mumbai,12-04-2022,Indian Premier League,22,male,T20,T20,20,2022,club,"Dr DY Patil Sports Academy, Mumbai",Royal Challengers Bengaluru,129,1,field,Chennai Super Kings,,,,win
1304069,2022,6,Pune,13-04-2022,Indian Premier League,23,male,T20,T20,20,2022,club,"Maharashtra Cricket Association Stadium, Pune",Mumbai Indians,494,3,field,Punjab Kings,,,,win
1304070,2022,6,Mumbai,14-04-2022,Indian Premier League,24,male,T20,T20,20,2022,club,"Dr DY Patil Sports Academy, Mumbai",Rajasthan Royals,615,134,field,Gujarat Titans,,,,win
1304071,2022,6,Mumbai,15-04-2022,Indian Premier League,25,male,T20,T20,20,2022,club,"Brabourne Stadium, Mumbai",Sun risers Hyderabad,6,2,field,Sun risers Hyderabad,,,,win
1304072,2022,6,Mumbai,16-04-2022,Indian Premier League,26,male,T20,T20,20,2022,club,"Brabourne Stadium, Mumbai",Mumbai Indians,614,3,field,Lucknow Super Giants,,,,win
1304073,2022,6,Mumbai,16-04-2022,Indian Premier League,27,male,T20,T20,20,2022,club,"Wankhede Stadium, Mumbai",Delhi Capitals,1,252,field,Royal Challengers Bengaluru,,,,win
1304074,2022,6,Mumbai,17-04-2022,Indian Premier League,28,male,T20,T20,20,2022,club,"Dr DY Patil Sports Academy, Mumbai",Sun risers Hyderabad,494,2,field,Sun risers Hyderabad,,,,win
1304075,2022,6,Pune,17-04-2022,Indian Premier League,29,male,T20,T20,20,2022,club,"Maharashtra Cricket Association Stadium, Pune",Gujarat Titans,129,615,field,Gujarat Titans,,,,win
1304076,2022,6,Mumbai,18-04-2022,Indian Premier League,30,male,T20,T20,20,2022,club,"Brabourne Stadium, Mumbai",Kolkata Knight riders,134,6,field,Rajasthan Royals,,,,win
1304077,2022,6,Mumbai,19-04-2022,Indian Premier League,31,male,T20,T20,20,2022,club,"Dr DY Patil Sports Academy, Mumbai",Lucknow Super Giants,1,614,field,Royal Challengers Bengaluru,,,,win
1304078,2022,6,Mumbai,20-04-2022,Indian Premier League,32,male,T20,T20,20,2022,club,"Brabourne Stadium, Mumbai",Delhi Capitals,494,252,field,Delhi Capitals,,,,win
1304079,2022,6,Navi Mumbai,21-04-2022,Indian Premier League,33,male,T20,T20,20,2022,club,"Dr DY Patil Sports Academy, Mumbai",Chennai Super Kings,3,129,field,Chennai Super Kings,,,,win
1304080,2022,6,Mumbai,22-04-2022,Indian Premier League,34,male,T20,T20,20,2022,club,"Wankhede Stadium, Mumbai",Delhi Capitals,134,252,field,Rajasthan Royals,,,,win
1304081,2022,6,Navi Mumbai,23-04-2022,Indian Premier League,35,male,T20,T20,20,2022,club,"Dr DY Patil Sports Academy, Mumbai",Gujarat Titans,615,6,bat,Gujarat Titans,,,,win
1304082,2022,6,Mumbai,23-04-2022,Indian Premier League,36,male,T20,T20,20,2022,club,"Brabourne Stadium, Mumbai",Sun risers Hyderabad,1,2,field,Sun risers Hyderabad,,,,win
1304083,2022,6,Mumbai,24-04-2022,Indian Premier League,37,male,T20,T20,20,2022,club,"Wankhede Stadium, Mumbai",Mumbai Indians,614,3,field,Lucknow Super Giants,,,,win
1304084,2022,6,Mumbai,25-04-2022,Indian Premier League,38,male,T20,T20,20,2022,club,"Wankhede Stadium, Mumbai",Chennai Super Kings,494,129,field,Punjab Kings,,,,win
1304085,2022,6,Pune,26-04-2022,Indian Premier League,39,male,T20,T20,20,2022,club,"Maharashtra Cricket Association Stadium, Pune",Royal Challengers Bengaluru,134,1,field,Rajasthan Royals,,,,win
1304086,2022,6,Mumbai,27-04-2022,Indian Premier League,40,male,T20,T20,20,2022,club,"Wankhede Stadium, Mumbai",Gujarat Titans,2,615,field,Gujarat Titans,,,,win
1304087,2022,6,Mumbai,28-04-2022,Indian Premier League,41,male,T20,T20,20,2022,club,"Wankhede Stadium, Mumbai",Delhi Capitals,6,252,field,Delhi Capitals,,,,win
1304088,2022,6,Pune,29-04-2022,Indian Premier League,42,male,T20,T20,20,2022,club,"Maharashtra Cricket Association Stadium, Pune",Punjab Kings,614,494,field,Lucknow Super Giants,,,,win
1304089,2022,6,Mumbai,30-04-2022,Indian Premier League,43,male,T20,T20,20,2022,club,"Brabourne Stadium, Mumbai",Royal Challengers Bengaluru,1,615,bat,Gujarat Titans,,,,win
1304090,2022,6,Navi Mumbai,30-04-2022,Indian Premier League,44,male,T20,T20,20,2022,club,"Dr DY Patil Sports Academy, Mumbai",Mumbai Indians,134,3,field,Mumbai Indians,,,,win
1304091,2022,6,Mumbai,01-05-2022,Indian Premier League,45,male,T20,T20,20,2022,club,"Wankhede Stadium, Mumbai",Lucknow Super Giants,614,252,bat,Lucknow Super Giants,,,,win
1304092,2022,6,Pune,01-05-2022,Indian Premier League,46,male,T20,T20,20,2022,club,"Maharashtra Cricket Association Stadium, Pune",Sun risers Hyderabad,129,2,field,Chennai Super Kings,,,,win
1304093,2022,6,Mumbai,02-05-2022,Indian Premier League,47,male,T20,T20,20,2022,club,"Wankhede Stadium, Mumbai",Kolkata Knight riders,134,6,field,Kolkata Knight riders,,,,win
1304094,2022,6,Navi Mumbai,03-05-2022,Indian Premier League,48,male,T20,T20,20,2022,club,"Dr DY Patil Sports Academy, Mumbai",Gujarat Titans,615,494,bat,Punjab Kings,,,,win
1304095,2022,6,Pune,04-05-2022,Indian Premier League,49,male,T20,T20,20,2022,club,"Maharashtra Cricket Association Stadium, Pune",Chennai Super Kings,1,129,field,Royal Challengers Bengaluru,,,,win
1304096,2022,6,Mumbai,05-05-2022,Indian Premier League,50,male,T20,T20,20,2022,club,"Brabourne Stadium, Mumbai",Sun risers Hyderabad,252,2,field,Delhi Capitals,,,,win
1304097,2022,6,Mumbai,06-05-2022,Indian Premier League,51,male,T20,T20,20,2022,club,"Brabourne Stadium, Mumbai",Gujarat Titans,3,615,field,Mumbai Indians,,,,win
1304098,2022,6,Mumbai,07-05-2022,Indian Premier League,52,male,T20,T20,20,2022,club,"Wankhede Stadium, Mumbai",Punjab Kings,494,134,bat,Rajasthan Royals,,,,win
1304099,2022,6,Pune,07-05-2022,Indian Premier League,53,male,T20,T20,20,2022,club,"Maharashtra Cricket Association Stadium, Pune",Kolkata Knight riders,614,6,field,Lucknow Super Giants,,,,win
1304100,2022,6,Mumbai,08-05-2022,Indian Premier League,54,male,T20,T20,20,2022,club,"Wankhede Stadium, Mumbai",Royal Challengers Bengaluru,1,2,bat,Royal Challengers Bengaluru,,,,win
1304101,2022,6,Navi Mumbai,08-05-2022,Indian Premier League,55,male,T20,T20,20,2022,club,"Dr DY Patil Sports Academy, Mumbai",Delhi Capitals,129,252,field,Chennai Super Kings,,,,win
1304102,2022,6,Navi Mumbai,09-05-2022,Indian Premier League,56,male,T20,T20,20,2022,club,"Dr DY Patil Sports Academy, Mumbai",Mumbai Indians,6,3,field,Kolkata Knight riders,,,,win
1304103,2022,6,Pune,10-05-2022,Indian Premier League,57,male,T20,T20,20,2022,club,"Maharashtra Cricket Association Stadium, Pune",Gujarat Titans,615,614,bat,Gujarat Titans,,,,win
1304104,2022,6,Navi Mumbai,11-05-2022,Indian Premier League,58,male,T20,T20,20,2022,club,"Dr DY Patil Sports Academy, Mumbai",Delhi Capitals,134,252,field,Delhi Capitals,,,,win
1304105,2022,6,Mumbai,12-05-2022,Indian Premier League,59,male,T20,T20,20,2022,club,"Wankhede Stadium, Mumbai",Mumbai Indians,129,3,field,Mumbai Indians,,,,win
1304106,2022,6,Mumbai,13-05-2022,Indian Premier League,60,male,T20,T20,20,2022,club,"Brabourne Stadium, Mumbai",Royal Challengers Bengaluru,494,1,field,Punjab Kings,,,,win
1304107,2022,6,Pune,14-05-2022,Indian Premier League,61,male,T20,T20,20,2022,club,"Maharashtra Cricket Association Stadium, Pune",Kolkata Knight riders,6,2,bat,Kolkata Knight riders,,,,win
1304108,2022,6,Mumbai,15-05-2022,Indian Premier League,62,male,T20,T20,20,2022,club,"Wankhede Stadium, Mumbai",Chennai Super Kings,129,615,bat,Gujarat Titans,,,,win
1304109,2022,6,Mumbai,15-05-2022,Indian Premier League,63,male,T20,T20,20,2022,club,"Brabourne Stadium, Mumbai",Rajasthan Royals,134,614,bat,Rajasthan Royals,,,,win
1304110,2022,6,Navi Mumbai,16-05-2022,Indian Premier League,64,male,T20,T20,20,2022,club,"Dr DY Patil Sports Academy, Mumbai",Punjab Kings,252,494,field,Delhi Capitals,,,,win
1304111,2022,6,Mumbai,17-05-2022,Indian Premier League,65,male,T20,T20,20,2022,club,"Wankhede Stadium, Mumbai",Mumbai Indians,2,3,field,Sun risers Hyderabad,,,,win
1304112,2022,6,Navi Mumbai,18-05-2022,Indian Premier League,66,male,T20,T20,20,2022,club,"Dr DY Patil Sports Academy, Mumbai",Lucknow Super Giants,614,6,bat,Lucknow Super Giants,,,,win
1304113,2022,6,Mumbai,19-05-2022,Indian Premier League,67,male,T20,T20,20,2022,club,"Wankhede Stadium, Mumbai",Gujarat Titans,615,1,bat,Royal Challengers Bengaluru,,,,win
1304114,2022,6,Mumbai,20-05-2022,Indian Premier League,68,male,T20,T20,20,2022,club,"Brabourne Stadium, Mumbai",Chennai Super Kings,129,134,bat,Rajasthan Royals,,,,win
1304115,2022,6,Mumbai,21-05-2022,Indian Premier League,69,male,T20,T20,20,2022,club,"Wankhede Stadium, Mumbai",Mumbai Indians,252,3,field,Mumbai Indians,,,,win
1304116,2022,6,Mumbai,22-05-2022,Indian Premier League,70,male,T20,T20,20,2022,club,"Wankhede Stadium, Mumbai",Sun risers Hyderabad,2,494,bat,Punjab Kings,,,,win
1312197,2022,6,Kolkata,24-05-2022,Indian Premier League,NULL,male,T20,T20,20,2022,club,"Eden Gardens, Kolkata",Gujarat Titans,134,615,field,Gujarat Titans,,,,win
1312198,2022,6,Kolkata,25-05-2022,Indian Premier League,NULL,male,T20,T20,20,2022,club,"Eden Gardens, Kolkata",Lucknow Super Giants,1,614,field,Royal Challengers Bengaluru,,,,win
1312199,2022,6,Ahmedabad,27-05-2022,Indian Premier League,NULL,male,T20,T20,20,2022,club,"Narendra Modi Stadium, Ahmedabad",Rajasthan Royals,1,134,field,Rajasthan Royals,,,,win
1312200,2022,6,Ahmedabad,29-05-2022,Indian Premier League,NULL,male,T20,T20,20,2022,club,"Narendra Modi Stadium, Ahmedabad",Rajasthan Royals,134,615,bat,Gujarat Titans,,,,win
1359475,2023,6,Ahmedabad,31-03-2023,Indian Premier League,1,male,T20,T20,20,2023,club,"Narendra Modi Stadium, Ahmedabad",Gujarat Titans,129,615,field,Gujarat Titans,,,,win
1359476,2023,6,Chandigarh,01-04-2023,Indian Premier League,2,male,T20,T20,20,2023,club,"Punjab Cricket Association IS Bindra Stadium, Mohali, Chandigarh",Kolkata Knight riders,494,6,field,Punjab Kings,,,,win
1359477,2023,6,Lucknow,01-04-2023,Indian Premier League,3,male,T20,T20,20,2023,club,"Bharat Ratna Shri Atal Bihari Vajpayee Ekana Cricket Stadium, Lucknow",Delhi Capitals,614,252,field,Lucknow Super Giants,,,,win
1359478,2023,6,Hyderabad,02-04-2023,Indian Premier League,4,male,T20,T20,20,2023,club,"Rajiv Gandhi International Stadium, Uppal, Hyderabad",Sun risers Hyderabad,134,2,field,Rajasthan Royals,,,,win
1359479,2023,6,Bengaluru,02-04-2023,Indian Premier League,5,male,T20,T20,20,2023,club,"M Chinnaswamy Stadium, Bengaluru",Royal Challengers Bengaluru,3,1,field,Royal Challengers Bengaluru,,,,win
1359480,2023,6,Chennai,03-04-2023,Indian Premier League,6,male,T20,T20,20,2023,club,"MA Chidambaram Stadium, Chepauk, Chennai",Lucknow Super Giants,129,614,field,Chennai Super Kings,,,,win
1359481,2023,6,Delhi,04-04-2023,Indian Premier League,7,male,T20,T20,20,2023,club,"Arun Jaitley Stadium, Delhi",Gujarat Titans,252,615,field,Gujarat Titans,,,,win
1359482,2023,6,Guwahati,05-04-2023,Indian Premier League,8,male,T20,T20,20,2023,club,"Barsapara Cricket Stadium, Guwahati",Rajasthan Royals,494,134,field,Punjab Kings,,,,win
1359483,2023,6,Kolkata,06-04-2023,Indian Premier League,9,male,T20,T20,20,2023,club,"Eden Gardens, Kolkata",Royal Challengers Bengaluru,6,1,field,Kolkata Knight riders,,,,win
1359484,2023,6,Lucknow,07-04-2023,Indian Premier League,10,male,T20,T20,20,2023,club,"Bharat Ratna Shri Atal Bihari Vajpayee Ekana Cricket Stadium, Lucknow",Sun risers Hyderabad,2,614,bat,Lucknow Super Giants,,,,win
1359485,2023,6,Guwahati,08-04-2023,Indian Premier League,11,male,T20,T20,20,2023,club,"Barsapara Cricket Stadium, Guwahati",Delhi Capitals,134,252,field,Rajasthan Royals,,,,win
1359486,2023,6,Mumbai,08-04-2023,Indian Premier League,12,male,T20,T20,20,2023,club,"Wankhede Stadium, Mumbai",Chennai Super Kings,3,129,field,Chennai Super Kings,,,,win
1359487,2023,6,Ahmedabad,09-04-2023,Indian Premier League,13,male,T20,T20,20,2023,club,"Narendra Modi Stadium, Ahmedabad",Gujarat Titans,615,6,bat,Kolkata Knight riders,,,,win
1359488,2023,6,Hyderabad,09-04-2023,Indian Premier League,14,male,T20,T20,20,2023,club,"Rajiv Gandhi International Stadium, Uppal, Hyderabad",Sun risers Hyderabad,494,2,field,Sun risers Hyderabad,,,,win
1359489,2023,6,Bengaluru,10-04-2023,Indian Premier League,15,male,T20,T20,20,2023,club,"M Chinnaswamy Stadium, Bengaluru",Lucknow Super Giants,1,614,field,Lucknow Super Giants,,,,win
1359490,2023,6,Delhi,11-04-2023,Indian Premier League,16,male,T20,T20,20,2023,club,"Arun Jaitley Stadium, Delhi",Mumbai Indians,252,3,field,Mumbai Indians,,,,win
1359491,2023,6,Chennai,12-04-2023,Indian Premier League,17,male,T20,T20,20,2023,club,"MA Chidambaram Stadium, Chepauk, Chennai",Chennai Super Kings,134,129,field,Rajasthan Royals,,,,win
1359492,2023,6,Chandigarh,13-04-2023,Indian Premier League,18,male,T20,T20,20,2023,club,"Punjab Cricket Association IS Bindra Stadium, Mohali, Chandigarh",Gujarat Titans,494,615,field,Gujarat Titans,,,,win
1359493,2023,6,Kolkata,14-04-2023,Indian Premier League,19,male,T20,T20,20,2023,club,"Eden Gardens, Kolkata",Kolkata Knight riders,2,6,field,Sun risers Hyderabad,,,,win
1359494,2023,6,Bengaluru,15-04-2023,Indian Premier League,20,male,T20,T20,20,2023,club,"M Chinnaswamy Stadium, Bengaluru",Delhi Capitals,1,252,field,Royal Challengers Bengaluru,,,,win
1359495,2023,6,Lucknow,15-04-2023,Indian Premier League,21,male,T20,T20,20,2023,club,"Bharat Ratna Shri Atal Bihari Vajpayee Ekana Cricket Stadium, Lucknow",Punjab Kings,614,494,field,Punjab Kings,,,,win
1359496,2023,6,Mumbai,16-04-2023,Indian Premier League,22,male,T20,T20,20,2023,club,"Wankhede Stadium, Mumbai",Mumbai Indians,6,3,field,Mumbai Indians,,,,win
1359497,2023,6,Ahmedabad,16-04-2023,Indian Premier League,23,male,T20,T20,20,2023,club,"Narendra Modi Stadium, Ahmedabad",Rajasthan Royals,615,134,field,Rajasthan Royals,,,,win
1359498,2023,6,Bengaluru,17-04-2023,Indian Premier League,24,male,T20,T20,20,2023,club,"M Chinnaswamy Stadium, Bengaluru",Royal Challengers Bengaluru,129,1,field,Chennai Super Kings,,,,win
1359499,2023,6,Hyderabad,18-04-2023,Indian Premier League,25,male,T20,T20,20,2023,club,"Rajiv Gandhi International Stadium, Uppal, Hyderabad",Sun risers Hyderabad,3,2,field,Mumbai Indians,,,,win
1359500,2023,6,Jaipur,19-04-2023,Indian Premier League,26,male,T20,T20,20,2023,club,"Sawai Mansingh Stadium, Jaipur",Rajasthan Royals,614,134,field,Lucknow Super Giants,,,,win
1359501,2023,6,Chandigarh,20-04-2023,Indian Premier League,27,male,T20,T20,20,2023,club,"Punjab Cricket Association IS Bindra Stadium, Mohali, Chandigarh",Punjab Kings,1,494,field,Royal Challengers Bengaluru,,,,win
1359502,2023,6,Delhi,20-04-2023,Indian Premier League,28,male,T20,T20,20,2023,club,"Arun Jaitley Stadium, Delhi",Delhi Capitals,6,252,field,Delhi Capitals,,,,win
1359503,2023,6,Chennai,21-04-2023,Indian Premier League,29,male,T20,T20,20,2023,club,"MA Chidambaram Stadium, Chepauk, Chennai",Chennai Super Kings,2,129,field,Chennai Super Kings,,,,win
1359504,2023,6,Lucknow,22-04-2023,Indian Premier League,30,male,T20,T20,20,2023,club,"Bharat Ratna Shri Atal Bihari Vajpayee Ekana Cricket Stadium, Lucknow",Gujarat Titans,615,614,bat,Gujarat Titans,,,,win
1359505,2023,6,Mumbai,22-04-2023,Indian Premier League,31,male,T20,T20,20,2023,club,"Wankhede Stadium, Mumbai",Mumbai Indians,494,3,field,Punjab Kings,,,,win
1359506,2023,6,Bengaluru,23-04-2023,Indian Premier League,32,male,T20,T20,20,2023,club,"M Chinnaswamy Stadium, Bengaluru",Rajasthan Royals,1,134,field,Royal Challengers Bengaluru,,,,win
1359507,2023,6,Kolkata,23-04-2023,Indian Premier League,33,male,T20,T20,20,2023,club,"Eden Gardens, Kolkata",Kolkata Knight riders,129,6,field,Chennai Super Kings,,,,win
1359508,2023,6,Hyderabad,24-04-2023,Indian Premier League,34,male,T20,T20,20,2023,club,"Rajiv Gandhi International Stadium, Uppal, Hyderabad",Delhi Capitals,252,2,bat,Delhi Capitals,,,,win
1359509,2023,6,Ahmedabad,25-04-2023,Indian Premier League,35,male,T20,T20,20,2023,club,"Narendra Modi Stadium, Ahmedabad",Mumbai Indians,615,3,field,Gujarat Titans,,,,win
1359510,2023,6,Bengaluru,26-04-2023,Indian Premier League,36,male,T20,T20,20,2023,club,"M Chinnaswamy Stadium, Bengaluru",Royal Challengers Bengaluru,6,1,field,Kolkata Knight riders,,,,win
1359511,2023,6,Jaipur,27-04-2023,Indian Premier League,37,male,T20,T20,20,2023,club,"Sawai Mansingh Stadium, Jaipur",Rajasthan Royals,134,129,bat,Rajasthan Royals,,,,win
1359512,2023,6,Chandigarh,28-04-2023,Indian Premier League,38,male,T20,T20,20,2023,club,"Punjab Cricket Association IS Bindra Stadium, Mohali, Chandigarh",Punjab Kings,614,494,field,Lucknow Super Giants,,,,win
1359513,2023,6,Kolkata,29-04-2023,Indian Premier League,39,male,T20,T20,20,2023,club,"Eden Gardens, Kolkata",Gujarat Titans,6,615,field,Gujarat Titans,,,,win
1359514,2023,6,Delhi,29-04-2023,Indian Premier League,40,male,T20,T20,20,2023,club,"Arun Jaitley Stadium, Delhi",Sun risers Hyderabad,2,252,bat,Sun risers Hyderabad,,,,win
1359515,2023,6,Chennai,30-04-2023,Indian Premier League,41,male,T20,T20,20,2023,club,"MA Chidambaram Stadium, Chepauk, Chennai",Chennai Super Kings,129,494,bat,Punjab Kings,,,,win
1359516,2023,6,Mumbai,30-04-2023,Indian Premier League,42,male,T20,T20,20,2023,club,"Wankhede Stadium, Mumbai",Rajasthan Royals,134,3,bat,Mumbai Indians,,,,win
1359517,2023,6,Lucknow,01-05-2023,Indian Premier League,43,male,T20,T20,20,2023,club,"Bharat Ratna Shri Atal Bihari Vajpayee Ekana Cricket Stadium, Lucknow",Royal Challengers Bengaluru,1,614,bat,Royal Challengers Bengaluru,,,,win
1359518,2023,6,Ahmedabad,02-05-2023,Indian Premier League,44,male,T20,T20,20,2023,club,"Narendra Modi Stadium, Ahmedabad",Delhi Capitals,252,615,bat,Delhi Capitals,,,,win
1359519,2023,6,Lucknow,03-05-2023,Indian Premier League,45,male,T20,T20,20,2023,club,"Bharat Ratna Shri Atal Bihari Vajpayee Ekana Cricket Stadium, Lucknow",Chennai Super Kings,614,129,field,Chennai Super Kings,,,,no result
1359520,2023,6,Chandigarh,03-05-2023,Indian Premier League,46,male,T20,T20,20,2023,club,"Punjab Cricket Association IS Bindra Stadium, Mohali, Chandigarh",Mumbai Indians,494,3,field,Mumbai Indians,,,,win
1359521,2023,6,Hyderabad,04-05-2023,Indian Premier League,47,male,T20,T20,20,2023,club,"Rajiv Gandhi International Stadium, Uppal, Hyderabad",Kolkata Knight riders,6,2,bat,Kolkata Knight riders,,,,win
1359522,2023,6,Jaipur,05-05-2023,Indian Premier League,48,male,T20,T20,20,2023,club,"Sawai Mansingh Stadium, Jaipur",Rajasthan Royals,134,615,bat,Gujarat Titans,,,,win
1359523,2023,6,Chennai,06-05-2023,Indian Premier League,49,male,T20,T20,20,2023,club,"MA Chidambaram Stadium, Chepauk, Chennai",Chennai Super Kings,3,129,field,Chennai Super Kings,,,,win
1359524,2023,6,Delhi,06-05-2023,Indian Premier League,50,male,T20,T20,20,2023,club,"Arun Jaitley Stadium, Delhi",Royal Challengers Bengaluru,1,252,bat,Delhi Capitals,,,,win
1359525,2023,6,Ahmedabad,07-05-2023,Indian Premier League,51,male,T20,T20,20,2023,club,"Narendra Modi Stadium, Ahmedabad",Lucknow Super Giants,615,614,field,Gujarat Titans,,,,win
1359526,2023,6,Jaipur,07-05-2023,Indian Premier League,52,male,T20,T20,20,2023,club,"Sawai Mansingh Stadium, Jaipur",Rajasthan Royals,134,2,bat,Sun risers Hyderabad,,,,win
1359527,2023,6,Kolkata,08-05-2023,Indian Premier League,53,male,T20,T20,20,2023,club,"Eden Gardens, Kolkata",Punjab Kings,494,6,bat,Kolkata Knight riders,,,,win
1359528,2023,6,Mumbai,09-05-2023,Indian Premier League,54,male,T20,T20,20,2023,club,"Wankhede Stadium, Mumbai",Mumbai Indians,1,3,field,Mumbai Indians,,,,win
1359529,2023,6,Chennai,10-05-2023,Indian Premier League,55,male,T20,T20,20,2023,club,"MA Chidambaram Stadium, Chepauk, Chennai",Chennai Super Kings,129,252,bat,Chennai Super Kings,,,,win
1359530,2023,6,Kolkata,11-05-2023,Indian Premier League,56,male,T20,T20,20,2023,club,"Eden Gardens, Kolkata",Rajasthan Royals,6,134,field,Rajasthan Royals,,,,win
1359531,2023,6,Mumbai,12-05-2023,Indian Premier League,57,male,T20,T20,20,2023,club,"Wankhede Stadium, Mumbai",Gujarat Titans,3,615,field,Mumbai Indians,,,,win
1359532,2023,6,Hyderabad,13-05-2023,Indian Premier League,58,male,T20,T20,20,2023,club,"Rajiv Gandhi International Stadium, Uppal, Hyderabad",Sun risers Hyderabad,2,614,bat,Lucknow Super Giants,,,,win
1359533,2023,6,Delhi,13-05-2023,Indian Premier League,59,male,T20,T20,20,2023,club,"Arun Jaitley Stadium, Delhi",Delhi Capitals,494,252,field,Punjab Kings,,,,win
1359534,2023,6,Jaipur,14-05-2023,Indian Premier League,60,male,T20,T20,20,2023,club,"Sawai Mansingh Stadium, Jaipur",Royal Challengers Bengaluru,1,134,bat,Royal Challengers Bengaluru,,,,win
1359535,2023,6,Chennai,14-05-2023,Indian Premier League,61,male,T20,T20,20,2023,club,"MA Chidambaram Stadium, Chepauk, Chennai",Chennai Super Kings,129,6,bat,Kolkata Knight riders,,,,win
1359536,2023,6,Ahmedabad,15-05-2023,Indian Premier League,62,male,T20,T20,20,2023,club,"Narendra Modi Stadium, Ahmedabad",Sun risers Hyderabad,615,2,field,Gujarat Titans,,,,win
1359537,2023,6,Lucknow,16-05-2023,Indian Premier League,63,male,T20,T20,20,2023,club,"Bharat Ratna Shri Atal Bihari Vajpayee Ekana Cricket Stadium, Lucknow",Mumbai Indians,614,3,field,Lucknow Super Giants,,,,win
1359538,2023,6,Dharamsala,17-05-2023,Indian Premier League,64,male,T20,T20,20,2023,club,"Himachal Pradesh Cricket Association Stadium, Dharamsala",Punjab Kings,252,494,field,Delhi Capitals,,,,win
1359539,2023,6,Hyderabad,18-05-2023,Indian Premier League,65,male,T20,T20,20,2023,club,"Rajiv Gandhi International Stadium, Uppal, Hyderabad",Royal Challengers Bengaluru,2,1,field,Royal Challengers Bengaluru,,,,win
1359540,2023,6,Dharamsala,19-05-2023,Indian Premier League,66,male,T20,T20,20,2023,club,"Himachal Pradesh Cricket Association Stadium, Dharamsala",Rajasthan Royals,494,134,field,Rajasthan Royals,,,,win
1359541,2023,6,Delhi,20-05-2023,Indian Premier League,67,male,T20,T20,20,2023,club,"Arun Jaitley Stadium, Delhi",Chennai Super Kings,129,252,bat,Chennai Super Kings,,,,win
1359542,2023,6,Kolkata,20-05-2023,Indian Premier League,68,male,T20,T20,20,2023,club,"Eden Gardens, Kolkata",Kolkata Knight riders,614,6,field,Lucknow Super Giants,,,,win
1359543,2023,6,Mumbai,21-05-2023,Indian Premier League,69,male,T20,T20,20,2023,club,"Wankhede Stadium, Mumbai",Mumbai Indians,2,3,field,Mumbai Indians,,,,win
1359544,2023,6,Bengaluru,21-05-2023,Indian Premier League,70,male,T20,T20,20,2023,club,"M Chinnaswamy Stadium, Bengaluru",Gujarat Titans,1,615,field,Gujarat Titans,,,,win
1370350,2023,6,Chennai,23-05-2023,Indian Premier League,NULL,male,T20,T20,20,2023,club,"MA Chidambaram Stadium, Chepauk, Chennai",Gujarat Titans,129,615,field,Chennai Super Kings,,,,win
1370351,2023,6,Chennai,24-05-2023,Indian Premier League,NULL,male,T20,T20,20,2023,club,"MA Chidambaram Stadium, Chepauk, Chennai",Mumbai Indians,3,614,bat,Mumbai Indians,,,,win
1370352,2023,6,Ahmedabad,26-05-2023,Indian Premier League,NULL,male,T20,T20,20,2023,club,"Narendra Modi Stadium, Ahmedabad",Mumbai Indians,615,3,field,Gujarat Titans,,,,win
1370353,2023,6,Ahmedabad,29-05-2023,Indian Premier League,NULL,male,T20,T20,20,2023,club,"Narendra Modi Stadium, Ahmedabad",Chennai Super Kings,615,129,field,Chennai Super Kings,,,,win
1422119,2024,6,Chennai,22-03-2024,Indian Premier League,1,male,T20,T20,20,2024,club,"MA Chidambaram Stadium, Chepauk, Chennai",Royal Challengers Bengaluru,1,129,bat,Chennai Super Kings,,,,win
1422120,2024,6,Mohali,23-03-2024,Indian Premier League,2,male,T20,T20,20,2024,club,"Maharaja Yadavindra Singh International Cricket Stadium, Mullanpur",Punjab Kings,252,494,field,Punjab Kings,,,,win
1422121,2024,6,Kolkata,23-03-2024,Indian Premier League,3,male,T20,T20,20,2024,club,"Eden Gardens, Kolkata",Sun risers Hyderabad,6,2,field,Kolkata Knight riders,,,,win
1422122,2024,6,Jaipur,24-03-2024,Indian Premier League,4,male,T20,T20,20,2024,club,"Sawai Mansingh Stadium, Jaipur",Rajasthan Royals,134,614,bat,Rajasthan Royals,,,,win
1422123,2024,6,Ahmedabad,24-03-2024,Indian Premier League,5,male,T20,T20,20,2024,club,"Narendra Modi Stadium, Ahmedabad",Mumbai Indians,615,3,field,Gujarat Titans,,,,win
1422124,2024,6,Bengaluru,25-03-2024,Indian Premier League,6,male,T20,T20,20,2024,club,"M Chinnaswamy Stadium, Bengaluru",Royal Challengers Bengaluru,494,1,field,Royal Challengers Bengaluru,,,,win
1422125,2024,6,Chennai,26-03-2024,Indian Premier League,7,male,T20,T20,20,2024,club,"MA Chidambaram Stadium, Chepauk, Chennai",Gujarat Titans,129,615,field,Chennai Super Kings,,,,win
1422126,2024,6,Hyderabad,27-03-2024,Indian Premier League,8,male,T20,T20,20,2024,club,"Rajiv Gandhi International Stadium, Uppal, Hyderabad",Mumbai Indians,2,3,field,Sun risers Hyderabad,,,,win
1422127,2024,6,Jaipur,28-03-2024,Indian Premier League,9,male,T20,T20,20,2024,club,"Sawai Mansingh Stadium, Jaipur",Delhi Capitals,134,252,field,Rajasthan Royals,,,,win
1422128,2024,6,Bengaluru,29-03-2024,Indian Premier League,10,male,T20,T20,20,2024,club,"M Chinnaswamy Stadium, Bengaluru",Kolkata Knight riders,1,6,field,Kolkata Knight riders,,,,win
1422129,2024,6,Lucknow,30-03-2024,Indian Premier League,11,male,T20,T20,20,2024,club,"Bharat Ratna Shri Atal Bihari Vajpayee Ekana Cricket Stadium, Lucknow",Lucknow Super Giants,614,494,bat,Lucknow Super Giants,,,,win
1422130,2024,6,Ahmedabad,31-03-2024,Indian Premier League,12,male,T20,T20,20,2024,club,"Narendra Modi Stadium, Ahmedabad",Sun risers Hyderabad,2,615,bat,Gujarat Titans,,,,win
1422131,2024,6,Visakhapatnam,31-03-2024,Indian Premier League,13,male,T20,T20,20,2024,club,"Dr. Y.S. Rajasekhara Reddy ACA-VDCA Cricket Stadium, Visakhapatnam",Delhi Capitals,252,129,bat,Delhi Capitals,,,,win
1422132,2024,6,Mumbai,01-04-2024,Indian Premier League,14,male,T20,T20,20,2024,club,"Wankhede Stadium, Mumbai",Rajasthan Royals,3,134,field,Rajasthan Royals,,,,win
1422133,2024,6,Bengaluru,02-04-2024,Indian Premier League,15,male,T20,T20,20,2024,club,"M Chinnaswamy Stadium, Bengaluru",Royal Challengers Bengaluru,614,1,field,Lucknow Super Giants,,,,win
1422134,2024,6,Visakhapatnam,03-04-2024,Indian Premier League,16,male,T20,T20,20,2024,club,"Dr. Y.S. Rajasekhara Reddy ACA-VDCA Cricket Stadium, Visakhapatnam",Kolkata Knight riders,6,252,bat,Kolkata Knight riders,,,,win
1422135,2024,6,Ahmedabad,04-04-2024,Indian Premier League,17,male,T20,T20,20,2024,club,"Narendra Modi Stadium, Ahmedabad",Punjab Kings,615,494,field,Punjab Kings,,,,win
1422136,2024,6,Hyderabad,05-04-2024,Indian Premier League,18,male,T20,T20,20,2024,club,"Rajiv Gandhi International Stadium, Uppal, Hyderabad",Sun risers Hyderabad,129,2,field,Sun risers Hyderabad,,,,win
1422137,2024,6,Jaipur,06-04-2024,Indian Premier League,19,male,T20,T20,20,2024,club,"Sawai Mansingh Stadium, Jaipur",Rajasthan Royals,1,134,field,Rajasthan Royals,,,,win
1422138,2024,6,Mumbai,07-04-2024,Indian Premier League,20,male,T20,T20,20,2024,club,"Wankhede Stadium, Mumbai",Delhi Capitals,3,252,field,Mumbai Indians,,,,win
1422139,2024,6,Lucknow,07-04-2024,Indian Premier League,21,male,T20,T20,20,2024,club,"Bharat Ratna Shri Atal Bihari Vajpayee Ekana Cricket Stadium, Lucknow",Lucknow Super Giants,614,615,bat,Lucknow Super Giants,,,,win
1426260,2024,6,Chennai,08-04-2024,Indian Premier League,22,male,T20,T20,20,2024,club,"MA Chidambaram Stadium, Chepauk, Chennai",Chennai Super Kings,6,129,field,Chennai Super Kings,,,,win
1426261,2024,6,Mohali,09-04-2024,Indian Premier League,23,male,T20,T20,20,2024,club,"Maharaja Yadavindra Singh International Cricket Stadium, Mullanpur",Punjab Kings,2,494,field,Sun risers Hyderabad,,,,win
1426262,2024,6,Jaipur,10-04-2024,Indian Premier League,24,male,T20,T20,20,2024,club,"Sawai Mansingh Stadium, Jaipur",Gujarat Titans,134,615,field,Gujarat Titans,,,,win
1426263,2024,6,Mumbai,11-04-2024,Indian Premier League,25,male,T20,T20,20,2024,club,"Wankhede Stadium, Mumbai",Mumbai Indians,1,3,field,Mumbai Indians,,,,win
1426264,2024,6,Lucknow,12-04-2024,Indian Premier League,26,male,T20,T20,20,2024,club,"Bharat Ratna Shri Atal Bihari Vajpayee Ekana Cricket Stadium, Lucknow",Lucknow Super Giants,614,252,bat,Delhi Capitals,,,,win
1426265,2024,6,Mohali,13-04-2024,Indian Premier League,27,male,T20,T20,20,2024,club,"Maharaja Yadavindra Singh International Cricket Stadium, Mullanpur",Rajasthan Royals,494,134,field,Rajasthan Royals,,,,win
1426266,2024,6,Kolkata,14-04-2024,Indian Premier League,28,male,T20,T20,20,2024,club,"Eden Gardens, Kolkata",Kolkata Knight riders,614,6,field,Kolkata Knight riders,,,,win
1426267,2024,6,Mumbai,14-04-2024,Indian Premier League,29,male,T20,T20,20,2024,club,"Wankhede Stadium, Mumbai",Mumbai Indians,129,3,field,Chennai Super Kings,,,,win
1426268,2024,6,Bengaluru,15-04-2024,Indian Premier League,30,male,T20,T20,20,2024,club,"M Chinnaswamy Stadium, Bengaluru",Royal Challengers Bengaluru,2,1,field,Sun risers Hyderabad,,,,win
1426269,2024,6,Kolkata,16-04-2024,Indian Premier League,31,male,T20,T20,20,2024,club,"Eden Gardens, Kolkata",Rajasthan Royals,6,134,field,Rajasthan Royals,,,,win
1426270,2024,6,Ahmedabad,17-04-2024,Indian Premier League,32,male,T20,T20,20,2024,club,"Narendra Modi Stadium, Ahmedabad",Delhi Capitals,615,252,field,Delhi Capitals,,,,win
1426271,2024,6,Mohali,18-04-2024,Indian Premier League,33,male,T20,T20,20,2024,club,"Maharaja Yadavindra Singh International Cricket Stadium, Mullanpur",Punjab Kings,3,494,field,Mumbai Indians,,,,win
1426272,2024,6,Lucknow,19-04-2024,Indian Premier League,34,male,T20,T20,20,2024,club,"Bharat Ratna Shri Atal Bihari Vajpayee Ekana Cricket Stadium, Lucknow",Lucknow Super Giants,129,614,field,Lucknow Super Giants,,,,win
1426273,2024,6,Delhi,20-04-2024,Indian Premier League,35,male,T20,T20,20,2024,club,"Arun Jaitley Stadium, Delhi",Delhi Capitals,2,252,field,Sun risers Hyderabad,,,,win
1426274,2024,6,Kolkata,21-04-2024,Indian Premier League,36,male,T20,T20,20,2024,club,"Eden Gardens, Kolkata",Royal Challengers Bengaluru,6,1,field,Kolkata Knight riders,,,,win
1426275,2024,6,Mohali,21-04-2024,Indian Premier League,37,male,T20,T20,20,2024,club,"Maharaja Yadavindra Singh International Cricket Stadium, Mullanpur",Punjab Kings,494,615,bat,Gujarat Titans,,,,win
1426276,2024,6,Jaipur,22-04-2024,Indian Premier League,38,male,T20,T20,20,2024,club,"Sawai Mansingh Stadium, Jaipur",Mumbai Indians,3,134,bat,Rajasthan Royals,,,,win
1426277,2024,6,Chennai,23-04-2024,Indian Premier League,39,male,T20,T20,20,2024,club,"MA Chidambaram Stadium, Chepauk, Chennai",Lucknow Super Giants,129,614,field,Lucknow Super Giants,,,,win
1426278,2024,6,Delhi,24-04-2024,Indian Premier League,40,male,T20,T20,20,2024,club,"Arun Jaitley Stadium, Delhi",Gujarat Titans,252,615,field,Delhi Capitals,,,,win
1426279,2024,6,Hyderabad,25-04-2024,Indian Premier League,41,male,T20,T20,20,2024,club,"Rajiv Gandhi International Stadium, Uppal, Hyderabad",Royal Challengers Bengaluru,1,2,bat,Royal Challengers Bengaluru,,,,win
1426280,2024,6,Kolkata,26-04-2024,Indian Premier League,42,male,T20,T20,20,2024,club,"Eden Gardens, Kolkata",Punjab Kings,6,494,field,Punjab Kings,,,,win
1426281,2024,6,Delhi,27-04-2024,Indian Premier League,43,male,T20,T20,20,2024,club,"Arun Jaitley Stadium, Delhi",Mumbai Indians,252,3,field,Delhi Capitals,,,,win
1426282,2024,6,Lucknow,27-04-2024,Indian Premier League,44,male,T20,T20,20,2024,club,"Bharat Ratna Shri Atal Bihari Vajpayee Ekana Cricket Stadium, Lucknow",Rajasthan Royals,614,134,field,Rajasthan Royals,,,,win
1426283,2024,6,Ahmedabad,28-04-2024,Indian Premier League,45,male,T20,T20,20,2024,club,"Narendra Modi Stadium, Ahmedabad",Royal Challengers Bengaluru,615,1,field,Royal Challengers Bengaluru,,,,win
1426284,2024,6,Chennai,28-04-2024,Indian Premier League,46,male,T20,T20,20,2024,club,"MA Chidambaram Stadium, Chepauk, Chennai",Sun risers Hyderabad,129,2,field,Chennai Super Kings,,,,win
1426285,2024,6,Kolkata,29-04-2024,Indian Premier League,47,male,T20,T20,20,2024,club,"Eden Gardens, Kolkata",Delhi Capitals,252,6,bat,Kolkata Knight riders,,,,win
1426286,2024,6,Lucknow,30-04-2024,Indian Premier League,48,male,T20,T20,20,2024,club,"Bharat Ratna Shri Atal Bihari Vajpayee Ekana Cricket Stadium, Lucknow",Lucknow Super Giants,3,614,field,Lucknow Super Giants,,,,win
1426287,2024,6,Chennai,01-05-2024,Indian Premier League,49,male,T20,T20,20,2024,club,"MA Chidambaram Stadium, Chepauk, Chennai",Punjab Kings,129,494,field,Punjab Kings,,,,win
1426288,2024,6,Hyderabad,02-05-2024,Indian Premier League,50,male,T20,T20,20,2024,club,"Rajiv Gandhi International Stadium, Uppal, Hyderabad",Sun risers Hyderabad,2,134,bat,Sun risers Hyderabad,,,,win
1426289,2024,6,Mumbai,03-05-2024,Indian Premier League,51,male,T20,T20,20,2024,club,"Wankhede Stadium, Mumbai",Mumbai Indians,6,3,field,Kolkata Knight riders,,,,win
1426290,2024,6,Bengaluru,04-05-2024,Indian Premier League,52,male,T20,T20,20,2024,club,"M Chinnaswamy Stadium, Bengaluru",Royal Challengers Bengaluru,615,1,field,Royal Challengers Bengaluru,,,,win
1426291,2024,6,Dharamsala,05-05-2024,Indian Premier League,53,male,T20,T20,20,2024,club,"Himachal Pradesh Cricket Association Stadium, Dharamsala",Punjab Kings,129,494,field,Chennai Super Kings,,,,win
1426292,2024,6,Lucknow,05-05-2024,Indian Premier League,54,male,T20,T20,20,2024,club,"Bharat Ratna Shri Atal Bihari Vajpayee Ekana Cricket Stadium, Lucknow",Lucknow Super Giants,6,614,field,Kolkata Knight riders,,,,win
1426293,2024,6,Mumbai,06-05-2024,Indian Premier League,55,male,T20,T20,20,2024,club,"Wankhede Stadium, Mumbai",Mumbai Indians,2,3,field,Mumbai Indians,,,,win
1426294,2024,6,Delhi,07-05-2024,Indian Premier League,56,male,T20,T20,20,2024,club,"Arun Jaitley Stadium, Delhi",Rajasthan Royals,252,134,field,Delhi Capitals,,,,win
1426295,2024,6,Hyderabad,08-05-2024,Indian Premier League,57,male,T20,T20,20,2024,club,"Rajiv Gandhi International Stadium, Uppal, Hyderabad",Lucknow Super Giants,614,2,bat,Sun risers Hyderabad,,,,win
1426296,2024,6,Dharamsala,09-05-2024,Indian Premier League,58,male,T20,T20,20,2024,club,"Himachal Pradesh Cricket Association Stadium, Dharamsala",Punjab Kings,1,494,field,Royal Challengers Bengaluru,,,,win
1426297,2024,6,Ahmedabad,10-05-2024,Indian Premier League,59,male,T20,T20,20,2024,club,"Narendra Modi Stadium, Ahmedabad",Chennai Super Kings,615,129,field,Gujarat Titans,,,,win
1426298,2024,6,Kolkata,11-05-2024,Indian Premier League,60,male,T20,T20,20,2024,club,"Eden Gardens, Kolkata",Mumbai Indians,6,3,field,Kolkata Knight riders,,,,win
1426299,2024,6,Chennai,12-05-2024,Indian Premier League,61,male,T20,T20,20,2024,club,"MA Chidambaram Stadium, Chepauk, Chennai",Rajasthan Royals,134,129,bat,Chennai Super Kings,,,,win
1426300,2024,6,Bengaluru,12-05-2024,Indian Premier League,62,male,T20,T20,20,2024,club,"M Chinnaswamy Stadium, Bengaluru",Delhi Capitals,1,252,field,Royal Challengers Bengaluru,,,,win
1426302,2024,6,Delhi,14-05-2024,Indian Premier League,64,male,T20,T20,20,2024,club,"Arun Jaitley Stadium, Delhi",Lucknow Super Giants,252,614,field,Delhi Capitals,,,,win
1426303,2024,6,Guwahati,15-05-2024,Indian Premier League,65,male,T20,T20,20,2024,club,"Barsapara Cricket Stadium, Guwahati",Rajasthan Royals,134,494,bat,Punjab Kings,,,,win
1426305,2024,6,Mumbai,17-05-2024,Indian Premier League,67,male,T20,T20,20,2024,club,"Wankhede Stadium, Mumbai",Mumbai Indians,614,3,field,Lucknow Super Giants,,,,win
1426306,2024,6,Bengaluru,18-05-2024,Indian Premier League,68,male,T20,T20,20,2024,club,"M Chinnaswamy Stadium, Bengaluru",Chennai Super Kings,1,129,field,Royal Challengers Bengaluru,,,,win
1426307,2024,6,Hyderabad,19-05-2024,Indian Premier League,69,male,T20,T20,20,2024,club,"Rajiv Gandhi International Stadium, Uppal, Hyderabad",Punjab Kings,494,2,bat,Sun risers Hyderabad,,,,win
1426309,2024,6,Ahmedabad,21-05-2024,Indian Premier League,NULL,male,T20,T20,20,2024,club,"Narendra Modi Stadium, Ahmedabad",Sun risers Hyderabad,2,6,bat,Kolkata Knight riders,,,,win
1426310,2024,6,Ahmedabad,22-05-2024,Indian Premier League,NULL,male,T20,T20,20,2024,club,"Narendra Modi Stadium, Ahmedabad",Rajasthan Royals,1,134,field,Rajasthan Royals,,,,win
1426311,2024,6,Chennai,24-05-2024,Indian Premier League,NULL,male,T20,T20,20,2024,club,"MA Chidambaram Stadium, Chepauk, Chennai",Rajasthan Royals,2,134,field,Sun risers Hyderabad,,,,win
1426312,2024,6,Chennai,26-05-2024,Indian Premier League,NULL,male,T20,T20,20,2024,club,"MA Chidambaram Stadium, Chepauk, Chennai",Sun risers Hyderabad,2,6,bat,Kolkata Knight riders,,,,win
1473438,2025,6,Kolkata,22-03-2025,Indian Premier League,1,male,T20,T20,20,2025,club,"Eden Gardens, Kolkata",Royal Challengers Bengaluru,6,1,field,Royal Challengers Bengaluru,,,,win
1473439,2025,6,Hyderabad,23-03-2025,Indian Premier League,2,male,T20,T20,20,2025,club,"Rajiv Gandhi International Stadium, Uppal, Hyderabad",Rajasthan Royals,2,134,field,Sun risers Hyderabad,,,,win
1473440,2025,6,Chennai,23-03-2025,Indian Premier League,3,male,T20,T20,20,2025,club,"MA Chidambaram Stadium, Chepauk, Chennai",Chennai Super Kings,3,129,field,Chennai Super Kings,,,,win
1473441,2025,6,Visakhapatnam,24-03-2025,Indian Premier League,4,male,T20,T20,20,2025,club,"Dr. Y.S. Rajasekhara Reddy ACA-VDCA Cricket Stadium, Visakhapatnam",Delhi Capitals,614,252,field,Delhi Capitals,,,,win
1473442,2025,6,Ahmedabad,25-03-2025,Indian Premier League,5,male,T20,T20,20,2025,club,"Narendra Modi Stadium, Ahmedabad",Gujarat Titans,494,615,field,Punjab Kings,,,,win
1473443,2025,6,Guwahati,26-03-2025,Indian Premier League,6,male,T20,T20,20,2025,club,"Barsapara Cricket Stadium, Guwahati",Kolkata Knight riders,134,6,field,Kolkata Knight riders,,,,win
1473444,2025,6,Hyderabad,27-03-2025,Indian Premier League,7,male,T20,T20,20,2025,club,"Rajiv Gandhi International Stadium, Uppal, Hyderabad",Lucknow Super Giants,2,614,field,Lucknow Super Giants,,,,win
1473445,2025,6,Chennai,28-03-2025,Indian Premier League,8,male,T20,T20,20,2025,club,"MA Chidambaram Stadium, Chepauk, Chennai",Chennai Super Kings,1,129,field,Royal Challengers Bengaluru,,,,win
335983,2008,6,Chandigarh,19-04-2008,Indian Premier League,2,male,T20,T20,20,2008,club,"Punjab Cricket Association Stadium, Mohali",Chennai Super Kings,494,129,bat,Chennai Super Kings,,,,win
335984,2008,6,Delhi,19-04-2008,Indian Premier League,3,male,T20,T20,20,2008,club,Feroz Shah Kotla,Rajasthan Royals,252,134,bat,Delhi Capitals,,,,win
335985,2008,6,Mumbai,20-04-2008,Indian Premier League,5,male,T20,T20,20,2008,club,Wankhede Stadium,Mumbai Indians,3,1,bat,Royal Challengers Bengaluru,,,,win
335986,2008,6,Kolkata,20-04-2008,Indian Premier League,4,male,T20,T20,20,2008,club,Eden Gardens,Sun risers Hyderabad,6,2,bat,Kolkata Knight riders,,,,win
335987,2008,6,Jaipur,21-04-2008,Indian Premier League,6,male,T20,T20,20,2008,club,Sawai Mansingh Stadium,Punjab Kings,134,494,bat,Rajasthan Royals,,,,win
335988,2008,6,Hyderabad,22-04-2008,Indian Premier League,7,male,T20,T20,20,2008,club,"Rajiv Gandhi International Stadium, Uppal",Sun risers Hyderabad,2,252,bat,Delhi Capitals,,,,win
335989,2008,6,Chennai,23-04-2008,Indian Premier League,8,male,T20,T20,20,2008,club,"MA Chidambaram Stadium, Chepauk",Mumbai Indians,129,3,field,Chennai Super Kings,,,,win
335990,2008,6,Hyderabad,24-04-2008,Indian Premier League,9,male,T20,T20,20,2008,club,"Rajiv Gandhi International Stadium, Uppal",Rajasthan Royals,2,134,field,Rajasthan Royals,,,,win
335991,2008,6,Chandigarh,25-04-2008,Indian Premier League,10,male,T20,T20,20,2008,club,"Punjab Cricket Association Stadium, Mohali",Mumbai Indians,494,3,field,Punjab Kings,,,,win
335992,2008,6,Bangalore,26-04-2008,Indian Premier League,12,male,T20,T20,20,2008,club,M Chinnaswamy Stadium,Rajasthan Royals,1,134,field,Rajasthan Royals,,,,win
335993,2008,6,Chennai,26-04-2008,Indian Premier League,11,male,T20,T20,20,2008,club,"MA Chidambaram Stadium, Chepauk",Kolkata Knight riders,129,6,bat,Chennai Super Kings,,,,win
335994,2008,6,Mumbai,27-04-2008,Indian Premier League,14,male,T20,T20,20,2008,club,Dr DY Patil Sports Academy,Sun risers Hyderabad,3,2,field,Sun risers Hyderabad,,,,win
335995,2008,6,Chandigarh,27-04-2008,Indian Premier League,13,male,T20,T20,20,2008,club,"Punjab Cricket Association Stadium, Mohali",Delhi Capitals,494,252,bat,Punjab Kings,,,,win
335996,2008,6,Bangalore,28-04-2008,Indian Premier League,15,male,T20,T20,20,2008,club,M Chinnaswamy Stadium,Chennai Super Kings,1,129,bat,Chennai Super Kings,,,,win
335997,2008,6,Kolkata,29-04-2008,Indian Premier League,16,male,T20,T20,20,2008,club,Eden Gardens,Kolkata Knight riders,6,3,bat,Mumbai Indians,,,,win
335998,2008,6,Delhi,30-04-2008,Indian Premier League,17,male,T20,T20,20,2008,club,Feroz Shah Kotla,Royal Challengers Bengaluru,252,1,field,Delhi Capitals,,,,win
335999,2008,6,Hyderabad,01-05-2008,Indian Premier League,19,male,T20,T20,20,2008,club,"Rajiv Gandhi International Stadium, Uppal",Punjab Kings,2,494,field,Punjab Kings,,,,win
336000,2008,6,Jaipur,01-05-2008,Indian Premier League,18,male,T20,T20,20,2008,club,Sawai Mansingh Stadium,Rajasthan Royals,134,6,bat,Rajasthan Royals,,,,win
336001,2008,6,Chennai,02-05-2008,Indian Premier League,20,male,T20,T20,20,2008,club,"MA Chidambaram Stadium, Chepauk",Chennai Super Kings,129,252,bat,Delhi Capitals,,,,win
336002,2008,6,Hyderabad,25-05-2008,Indian Premier League,51,male,T20,T20,20,2008,club,"Rajiv Gandhi International Stadium, Uppal",Sun risers Hyderabad,2,1,bat,Royal Challengers Bengaluru,,,,win
336003,2008,6,Chandigarh,03-05-2008,Indian Premier League,22,male,T20,T20,20,2008,club,"Punjab Cricket Association Stadium, Mohali",Punjab Kings,494,6,bat,Punjab Kings,,,,win
336004,2008,6,Mumbai,04-05-2008,Indian Premier League,23,male,T20,T20,20,2008,club,Dr DY Patil Sports Academy,Delhi Capitals,3,252,field,Mumbai Indians,,,,win
336005,2008,6,Jaipur,04-05-2008,Indian Premier League,24,male,T20,T20,20,2008,club,Sawai Mansingh Stadium,Chennai Super Kings,134,129,bat,Rajasthan Royals,,,,win
336006,2008,6,Bangalore,05-05-2008,Indian Premier League,25,male,T20,T20,20,2008,club,M Chinnaswamy Stadium,Punjab Kings,1,494,field,Punjab Kings,,,,win
336007,2008,6,Chennai,06-05-2008,Indian Premier League,26,male,T20,T20,20,2008,club,"MA Chidambaram Stadium, Chepauk",Sun risers Hyderabad,129,2,field,Sun risers Hyderabad,,,,win
336008,2008,6,Mumbai,07-05-2008,Indian Premier League,27,male,T20,T20,20,2008,club,Dr DY Patil Sports Academy,Mumbai Indians,3,134,field,Mumbai Indians,,,,win
336009,2008,6,Delhi,08-05-2008,Indian Premier League,28,male,T20,T20,20,2008,club,Feroz Shah Kotla,Chennai Super Kings,252,129,field,Chennai Super Kings,,,,win
336010,2008,6,Kolkata,08-05-2008,Indian Premier League,29,male,T20,T20,20,2008,club,Eden Gardens,Kolkata Knight riders,6,1,bat,Kolkata Knight riders,,,,win
336011,2008,6,Jaipur,09-05-2008,Indian Premier League,30,male,T20,T20,20,2008,club,Sawai Mansingh Stadium,Rajasthan Royals,134,2,field,Rajasthan Royals,,,,win
336012,2008,6,Bangalore,28-05-2008,Indian Premier League,55,male,T20,T20,20,2008,club,M Chinnaswamy Stadium,Mumbai Indians,1,3,field,Mumbai Indians,,,,win
336013,2008,6,Chennai,10-05-2008,Indian Premier League,31,male,T20,T20,20,2008,club,"MA Chidambaram Stadium, Chepauk",Punjab Kings,129,494,field,Chennai Super Kings,,,,win
336014,2008,6,Hyderabad,11-05-2008,Indian Premier League,32,male,T20,T20,20,2008,club,"Rajiv Gandhi International Stadium, Uppal",Kolkata Knight riders,2,6,bat,Kolkata Knight riders,,,,win
336015,2008,6,Jaipur,11-05-2008,Indian Premier League,33,male,T20,T20,20,2008,club,Sawai Mansingh Stadium,Rajasthan Royals,134,252,field,Rajasthan Royals,,,,win
336016,2008,6,Chandigarh,12-05-2008,Indian Premier League,34,male,T20,T20,20,2008,club,"Punjab Cricket Association Stadium, Mohali",Royal Challengers Bengaluru,494,1,bat,Punjab Kings,,,,win
336017,2008,6,Kolkata,13-05-2008,Indian Premier League,35,male,T20,T20,20,2008,club,Eden Gardens,Kolkata Knight riders,6,252,bat,Kolkata Knight riders,,,,win
336018,2008,6,Mumbai,14-05-2008,Indian Premier League,36,male,T20,T20,20,2008,club,Wankhede Stadium,Mumbai Indians,3,129,field,Mumbai Indians,,,,win
336019,2008,6,Chandigarh,28-05-2008,Indian Premier League,56,male,T20,T20,20,2008,club,"Punjab Cricket Association Stadium, Mohali",Rajasthan Royals,494,134,field,Punjab Kings,,,,win
336020,2008,6,Delhi,15-05-2008,Indian Premier League,37,male,T20,T20,20,2008,club,Feroz Shah Kotla,Sun risers Hyderabad,252,2,field,Delhi Capitals,,,,win
336021,2008,6,Mumbai,16-05-2008,Indian Premier League,38,male,T20,T20,20,2008,club,Wankhede Stadium,Mumbai Indians,3,6,field,Mumbai Indians,,,,win
336022,2008,6,Delhi,17-05-2008,Indian Premier League,40,male,T20,T20,20,2008,club,Feroz Shah Kotla,Delhi Capitals,252,494,bat,Punjab Kings,,,,win
336023,2008,6,Jaipur,17-05-2008,Indian Premier League,39,male,T20,T20,20,2008,club,Sawai Mansingh Stadium,Royal Challengers Bengaluru,134,1,field,Rajasthan Royals,,,,win
336024,2008,6,Hyderabad,18-05-2008,Indian Premier League,42,male,T20,T20,20,2008,club,"Rajiv Gandhi International Stadium, Uppal",Sun risers Hyderabad,2,3,field,Mumbai Indians,,,,win
336025,2008,6,Kolkata,18-05-2008,Indian Premier League,41,male,T20,T20,20,2008,club,Eden Gardens,Kolkata Knight riders,6,129,bat,Chennai Super Kings,,,,win
336026,2008,6,Bangalore,19-05-2008,Indian Premier League,43,male,T20,T20,20,2008,club,M Chinnaswamy Stadium,Delhi Capitals,1,252,field,Delhi Capitals,,,,win
336027,2008,6,Kolkata,20-05-2008,Indian Premier League,44,male,T20,T20,20,2008,club,Eden Gardens,Rajasthan Royals,6,134,field,Rajasthan Royals,,,,win
336028,2008,6,Mumbai,21-05-2008,Indian Premier League,45,male,T20,T20,20,2008,club,Wankhede Stadium,Mumbai Indians,3,494,field,Punjab Kings,,,,win
336029,2008,6,Chennai,21-05-2008,Indian Premier League,46,male,T20,T20,20,2008,club,"MA Chidambaram Stadium, Chepauk",Royal Challengers Bengaluru,129,1,bat,Royal Challengers Bengaluru,,,,win
336031,2008,6,Chandigarh,23-05-2008,Indian Premier League,48,male,T20,T20,20,2008,club,"Punjab Cricket Association Stadium, Mohali",Punjab Kings,494,2,field,Punjab Kings,,,,win
336032,2008,6,Delhi,24-05-2008,Indian Premier League,50,male,T20,T20,20,2008,club,Feroz Shah Kotla,Delhi Capitals,252,3,field,Delhi Capitals,,,,win
336033,2008,6,Chennai,24-05-2008,Indian Premier League,49,male,T20,T20,20,2008,club,"MA Chidambaram Stadium, Chepauk",Rajasthan Royals,129,134,bat,Rajasthan Royals,,,,win
336034,2008,6,Bangalore,03-05-2008,Indian Premier League,21,male,T20,T20,20,2008,club,M Chinnaswamy Stadium,Sun risers Hyderabad,1,2,field,Royal Challengers Bengaluru,,,,win
336035,2008,6,Kolkata,25-05-2008,Indian Premier League,52,male,T20,T20,20,2008,club,Eden Gardens,Punjab Kings,6,494,bat,Kolkata Knight riders,,,,win
336036,2008,6,Jaipur,26-05-2008,Indian Premier League,53,male,T20,T20,20,2008,club,Sawai Mansingh Stadium,Rajasthan Royals,134,3,field,Rajasthan Royals,,,,win
336037,2008,6,Hyderabad,27-05-2008,Indian Premier League,54,male,T20,T20,20,2008,club,"Rajiv Gandhi International Stadium, Uppal",Sun risers Hyderabad,2,129,bat,Chennai Super Kings,,,,win
336038,2008,6,Mumbai,30-05-2008,Indian Premier League,NULL,male,T20,T20,20,2008,club,Wankhede Stadium,Delhi Capitals,252,134,field,Rajasthan Royals,,,,win
336039,2008,6,Mumbai,31-05-2008,Indian Premier League,NULL,male,T20,T20,20,2008,club,Wankhede Stadium,Punjab Kings,129,494,bat,Chennai Super Kings,,,,win
336040,2008,6,Mumbai,01-06-2008,Indian Premier League,NULL,male,T20,T20,20,2008,club,Dr DY Patil Sports Academy,Rajasthan Royals,129,134,field,Rajasthan Royals,,,,win
392181,2009,6,Cape Town,18-04-2009,Indian Premier League,1,male,T20,T20,20,2009,club,Newlands,Chennai Super Kings,129,3,field,Mumbai Indians,,,,win
392182,2009,6,Cape Town,18-04-2009,Indian Premier League,2,male,T20,T20,20,2009,club,Newlands,Royal Challengers Bengaluru,1,134,bat,Royal Challengers Bengaluru,,,,win
392183,2009,6,Cape Town,19-04-2009,Indian Premier League,3,male,T20,T20,20,2009,club,Newlands,Delhi Capitals,252,494,field,Delhi Capitals,,,,win
392184,2009,6,Cape Town,19-04-2009,Indian Premier League,4,male,T20,T20,20,2009,club,Newlands,Kolkata Knight riders,2,6,bat,Sun risers Hyderabad,,,,win
392185,2009,6,Port Elizabeth,20-04-2009,Indian Premier League,5,male,T20,T20,20,2009,club,St George's Park,Chennai Super Kings,1,129,bat,Chennai Super Kings,,,,win
392186,2009,6,Durban,21-04-2009,Indian Premier League,6,male,T20,T20,20,2009,club,Kingsmead,Kolkata Knight riders,494,6,field,Kolkata Knight riders,,,,win
392188,2009,6,Cape Town,22-04-2009,Indian Premier League,8,male,T20,T20,20,2009,club,Newlands,Sun risers Hyderabad,1,2,bat,Sun risers Hyderabad,,,,win
392189,2009,6,Durban,23-04-2009,Indian Premier League,9,male,T20,T20,20,2009,club,Kingsmead,Delhi Capitals,129,252,bat,Delhi Capitals,,,,win
392190,2009,6,Cape Town,23-04-2009,Indian Premier League,10,male,T20,T20,20,2009,club,Newlands,Kolkata Knight riders,6,134,field,Rajasthan Royals,,,,tie
392191,2009,6,Durban,24-04-2009,Indian Premier League,11,male,T20,T20,20,2009,club,Kingsmead,Royal Challengers Bengaluru,1,494,bat,Punjab Kings,,,,win
392192,2009,6,Durban,25-04-2009,Indian Premier League,12,male,T20,T20,20,2009,club,Kingsmead,Sun risers Hyderabad,2,3,bat,Sun risers Hyderabad,,,,win
392194,2009,6,Port Elizabeth,26-04-2009,Indian Premier League,14,male,T20,T20,20,2009,club,St George's Park,Royal Challengers Bengaluru,1,252,bat,Delhi Capitals,,,,win
392195,2009,6,Cape Town,26-04-2009,Indian Premier League,15,male,T20,T20,20,2009,club,Newlands,Punjab Kings,494,134,bat,Punjab Kings,,,,win
392196,2009,6,Durban,27-04-2009,Indian Premier League,16,male,T20,T20,20,2009,club,Kingsmead,Sun risers Hyderabad,129,2,field,Sun risers Hyderabad,,,,win
392197,2009,6,Port Elizabeth,27-04-2009,Indian Premier League,17,male,T20,T20,20,2009,club,St George's Park,Mumbai Indians,6,3,bat,Mumbai Indians,,,,win
392198,2009,6,Centurion,28-04-2009,Indian Premier League,18,male,T20,T20,20,2009,club,SuperSport Park,Delhi Capitals,252,134,bat,Rajasthan Royals,,,,win
392199,2009,6,Durban,29-04-2009,Indian Premier League,19,male,T20,T20,20,2009,club,Kingsmead,Kolkata Knight riders,1,6,bat,Royal Challengers Bengaluru,,,,win
392200,2009,6,Durban,29-04-2009,Indian Premier League,20,male,T20,T20,20,2009,club,Kingsmead,Punjab Kings,494,3,bat,Punjab Kings,,,,win
392201,2009,6,Centurion,30-04-2009,Indian Premier League,21,male,T20,T20,20,2009,club,SuperSport Park,Delhi Capitals,2,252,field,Delhi Capitals,,,,win
392202,2009,6,Centurion,30-04-2009,Indian Premier League,22,male,T20,T20,20,2009,club,SuperSport Park,Rajasthan Royals,129,134,field,Chennai Super Kings,,,,win
392203,2009,6,East London,01-05-2009,Indian Premier League,23,male,T20,T20,20,2009,club,Buffalo Park,Mumbai Indians,6,3,bat,Mumbai Indians,,,,win
392204,2009,6,Durban,01-05-2009,Indian Premier League,24,male,T20,T20,20,2009,club,Kingsmead,Royal Challengers Bengaluru,1,494,bat,Royal Challengers Bengaluru,,,,win
392205,2009,6,Port Elizabeth,02-05-2009,Indian Premier League,25,male,T20,T20,20,2009,club,St George's Park,Sun risers Hyderabad,2,134,bat,Rajasthan Royals,,,,win
392206,2009,6,Johannesburg,02-05-2009,Indian Premier League,26,male,T20,T20,20,2009,club,New Wanderers Stadium,Delhi Capitals,129,252,field,Chennai Super Kings,,,,win
392207,2009,6,Port Elizabeth,03-05-2009,Indian Premier League,27,male,T20,T20,20,2009,club,St George's Park,Kolkata Knight riders,494,6,bat,Punjab Kings,,,,win
392208,2009,6,Johannesburg,03-05-2009,Indian Premier League,28,male,T20,T20,20,2009,club,New Wanderers Stadium,Mumbai Indians,1,3,bat,Royal Challengers Bengaluru,,,,win
392209,2009,6,East London,04-05-2009,Indian Premier League,29,male,T20,T20,20,2009,club,Buffalo Park,Chennai Super Kings,129,2,bat,Chennai Super Kings,,,,win
392210,2009,6,Durban,05-05-2009,Indian Premier League,30,male,T20,T20,20,2009,club,Kingsmead,Punjab Kings,494,134,field,Rajasthan Royals,,,,win
392211,2009,6,Durban,05-05-2009,Indian Premier League,31,male,T20,T20,20,2009,club,Kingsmead,Kolkata Knight riders,252,6,bat,Delhi Capitals,,,,win
392212,2009,6,Centurion,06-05-2009,Indian Premier League,32,male,T20,T20,20,2009,club,SuperSport Park,Sun risers Hyderabad,2,3,bat,Sun risers Hyderabad,,,,win
392213,2009,6,Centurion,07-05-2009,Indian Premier League,33,male,T20,T20,20,2009,club,SuperSport Park,Rajasthan Royals,1,134,field,Rajasthan Royals,,,,win
392214,2009,6,Centurion,07-05-2009,Indian Premier League,34,male,T20,T20,20,2009,club,SuperSport Park,Chennai Super Kings,129,494,bat,Chennai Super Kings,,,,win
392215,2009,6,East London,08-05-2009,Indian Premier League,35,male,T20,T20,20,2009,club,Buffalo Park,Mumbai Indians,252,3,bat,Delhi Capitals,,,,win
392216,2009,6,Kimberley,09-05-2009,Indian Premier League,36,male,T20,T20,20,2009,club,De Beers Diamond Oval,Punjab Kings,2,494,field,Punjab Kings,,,,win
392217,2009,6,Kimberley,09-05-2009,Indian Premier League,37,male,T20,T20,20,2009,club,De Beers Diamond Oval,Rajasthan Royals,129,134,bat,Chennai Super Kings,,,,win
392218,2009,6,Port Elizabeth,10-05-2009,Indian Premier League,38,male,T20,T20,20,2009,club,St George's Park,Mumbai Indians,1,3,bat,Mumbai Indians,,,,win
392219,2009,6,Johannesburg,10-05-2009,Indian Premier League,39,male,T20,T20,20,2009,club,New Wanderers Stadium,Delhi Capitals,252,6,field,Delhi Capitals,,,,win
392220,2009,6,Kimberley,11-05-2009,Indian Premier League,40,male,T20,T20,20,2009,club,De Beers Diamond Oval,Sun risers Hyderabad,2,134,bat,Sun risers Hyderabad,,,,win
392221,2009,6,Centurion,12-05-2009,Indian Premier League,41,male,T20,T20,20,2009,club,SuperSport Park,Royal Challengers Bengaluru,1,6,field,Royal Challengers Bengaluru,,,,win
392222,2009,6,Centurion,12-05-2009,Indian Premier League,42,male,T20,T20,20,2009,club,SuperSport Park,Punjab Kings,494,3,bat,Mumbai Indians,,,,win
392223,2009,6,Durban,13-05-2009,Indian Premier League,43,male,T20,T20,20,2009,club,Kingsmead,Sun risers Hyderabad,2,252,field,Delhi Capitals,,,,win
392224,2009,6,Durban,14-05-2009,Indian Premier League,44,male,T20,T20,20,2009,club,Kingsmead,Chennai Super Kings,1,129,bat,Royal Challengers Bengaluru,,,,win
392225,2009,6,Durban,14-05-2009,Indian Premier League,45,male,T20,T20,20,2009,club,Kingsmead,Rajasthan Royals,3,134,bat,Rajasthan Royals,,,,win
392226,2009,6,Bloemfontein,15-05-2009,Indian Premier League,46,male,T20,T20,20,2009,club,OUTsurance Oval,Punjab Kings,252,494,field,Punjab Kings,,,,win
392227,2009,6,Port Elizabeth,16-05-2009,Indian Premier League,47,male,T20,T20,20,2009,club,St George's Park,Mumbai Indians,129,3,bat,Chennai Super Kings,,,,win
392228,2009,6,Johannesburg,16-05-2009,Indian Premier League,48,male,T20,T20,20,2009,club,New Wanderers Stadium,Sun risers Hyderabad,2,6,field,Sun risers Hyderabad,,,,win
392229,2009,6,Johannesburg,17-05-2009,Indian Premier League,49,male,T20,T20,20,2009,club,New Wanderers Stadium,Sun risers Hyderabad,2,494,field,Punjab Kings,,,,win
392230,2009,6,Bloemfontein,17-05-2009,Indian Premier League,50,male,T20,T20,20,2009,club,OUTsurance Oval,Delhi Capitals,252,134,bat,Delhi Capitals,,,,win
392231,2009,6,Centurion,18-05-2009,Indian Premier League,51,male,T20,T20,20,2009,club,SuperSport Park,Chennai Super Kings,129,6,bat,Kolkata Knight riders,,,,win
392232,2009,6,Johannesburg,19-05-2009,Indian Premier League,52,male,T20,T20,20,2009,club,New Wanderers Stadium,Delhi Capitals,1,252,bat,Royal Challengers Bengaluru,,,,win
392233,2009,6,Durban,20-05-2009,Indian Premier League,53,male,T20,T20,20,2009,club,Kingsmead,Kolkata Knight riders,6,134,field,Kolkata Knight riders,,,,win
392234,2009,6,Durban,20-05-2009,Indian Premier League,54,male,T20,T20,20,2009,club,Kingsmead,Chennai Super Kings,129,494,bat,Chennai Super Kings,,,,win
392235,2009,6,Centurion,21-05-2009,Indian Premier League,55,male,T20,T20,20,2009,club,SuperSport Park,Delhi Capitals,252,3,field,Delhi Capitals,,,,win
392236,2009,6,Centurion,21-05-2009,Indian Premier League,56,male,T20,T20,20,2009,club,SuperSport Park,Royal Challengers Bengaluru,1,2,bat,Royal Challengers Bengaluru,,,,win
392237,2009,6,Centurion,22-05-2009,Indian Premier League,NULL,male,T20,T20,20,2009,club,SuperSport Park,Sun risers Hyderabad,252,2,field,Sun risers Hyderabad,,,,win
392238,2009,6,Johannesburg,23-05-2009,Indian Premier League,NULL,male,T20,T20,20,2009,club,New Wanderers Stadium,Royal Challengers Bengaluru,1,129,field,Royal Challengers Bengaluru,,,,win
392239,2009,6,Johannesburg,24-05-2009,Indian Premier League,NULL,male,T20,T20,20,2009,club,New Wanderers Stadium,Royal Challengers Bengaluru,1,2,field,Sun risers Hyderabad,,,,win
419106,2010,6,Mumbai,12-03-2010,Indian Premier League,1,male,T20,T20,20,2010,club,Dr DY Patil Sports Academy,Sun risers Hyderabad,2,6,field,Kolkata Knight riders,,,,win
419107,2010,6,Mumbai,13-03-2010,Indian Premier League,2,male,T20,T20,20,2010,club,Brabourne Stadium,Mumbai Indians,3,134,bat,Mumbai Indians,,,,win
419108,2010,6,Chandigarh,13-03-2010,Indian Premier League,3,male,T20,T20,20,2010,club,"Punjab Cricket Association Stadium, Mohali",Delhi Capitals,494,252,field,Delhi Capitals,,,,win
419109,2010,6,Kolkata,14-03-2010,Indian Premier League,4,male,T20,T20,20,2010,club,Eden Gardens,Kolkata Knight riders,6,1,field,Kolkata Knight riders,,,,win
419110,2010,6,Chennai,14-03-2010,Indian Premier League,5,male,T20,T20,20,2010,club,"MA Chidambaram Stadium, Chepauk",Sun risers Hyderabad,129,2,bat,Sun risers Hyderabad,,,,win
419111,2010,6,Ahmedabad,15-03-2010,Indian Premier League,6,male,T20,T20,20,2010,club,"Sardar Patel Stadium, Motera",Delhi Capitals,134,252,field,Delhi Capitals,,,,win
419112,2010,6,Bangalore,16-03-2010,Indian Premier League,7,male,T20,T20,20,2010,club,M Chinnaswamy Stadium,Punjab Kings,1,494,bat,Royal Challengers Bengaluru,,,,win
419113,2010,6,Kolkata,16-03-2010,Indian Premier League,8,male,T20,T20,20,2010,club,Eden Gardens,Chennai Super Kings,6,129,bat,Chennai Super Kings,,,,win
419114,2010,6,Delhi,17-03-2010,Indian Premier League,9,male,T20,T20,20,2010,club,Feroz Shah Kotla,Delhi Capitals,252,3,field,Mumbai Indians,,,,win
419115,2010,6,Bangalore,18-03-2010,Indian Premier League,10,male,T20,T20,20,2010,club,M Chinnaswamy Stadium,Royal Challengers Bengaluru,1,134,field,Royal Challengers Bengaluru,,,,win
419116,2010,6,Delhi,19-03-2010,Indian Premier League,11,male,T20,T20,20,2010,club,Feroz Shah Kotla,Delhi Capitals,252,129,bat,Chennai Super Kings,,,,win
419117,2010,6,Cuttack,19-03-2010,Indian Premier League,12,male,T20,T20,20,2010,club,Barabati Stadium,Punjab Kings,2,494,field,Sun risers Hyderabad,,,,win
419118,2010,6,Ahmedabad,20-03-2010,Indian Premier League,13,male,T20,T20,20,2010,club,"Sardar Patel Stadium, Motera",Rajasthan Royals,134,6,bat,Rajasthan Royals,,,,win
419119,2010,6,Mumbai,20-03-2010,Indian Premier League,14,male,T20,T20,20,2010,club,Brabourne Stadium,Mumbai Indians,3,1,bat,Royal Challengers Bengaluru,,,,win
419120,2010,6,Cuttack,21-03-2010,Indian Premier League,15,male,T20,T20,20,2010,club,Barabati Stadium,Sun risers Hyderabad,2,252,bat,Sun risers Hyderabad,,,,win
419121,2010,6,Chennai,21-03-2010,Indian Premier League,16,male,T20,T20,20,2010,club,"MA Chidambaram Stadium, Chepauk",Chennai Super Kings,129,494,field,Punjab Kings,,,,tie
419122,2010,6,Mumbai,22-03-2010,Indian Premier League,17,male,T20,T20,20,2010,club,Brabourne Stadium,Kolkata Knight riders,3,6,bat,Mumbai Indians,,,,win
419123,2010,6,Bangalore,23-03-2010,Indian Premier League,18,male,T20,T20,20,2010,club,M Chinnaswamy Stadium,Chennai Super Kings,1,129,field,Royal Challengers Bengaluru,,,,win
419124,2010,6,Chandigarh,24-03-2010,Indian Premier League,19,male,T20,T20,20,2010,club,"Punjab Cricket Association Stadium, Mohali",Punjab Kings,494,134,field,Rajasthan Royals,,,,win
419125,2010,6,Mumbai,25-03-2010,Indian Premier League,21,male,T20,T20,20,2010,club,"Brabourne Stadium, Mumbai",Mumbai Indians,129,3,field,Mumbai Indians,,,,win
419126,2010,6,Ahmedabad,26-03-2010,Indian Premier League,22,male,T20,T20,20,2010,club,"Sardar Patel Stadium, Motera",Sun risers Hyderabad,134,2,bat,Rajasthan Royals,,,,win
419127,2010,6,Chandigarh,27-03-2010,Indian Premier League,23,male,T20,T20,20,2010,club,"Punjab Cricket Association Stadium, Mohali",Kolkata Knight riders,494,6,bat,Kolkata Knight riders,,,,win
419128,2010,6,Bangalore,25-03-2010,Indian Premier League,20,male,T20,T20,20,2010,club,M Chinnaswamy Stadium,Royal Challengers Bengaluru,1,252,field,Delhi Capitals,,,,win
419129,2010,6,Ahmedabad,28-03-2010,Indian Premier League,24,male,T20,T20,20,2010,club,"Sardar Patel Stadium, Motera",Rajasthan Royals,134,129,bat,Rajasthan Royals,,,,win
419130,2010,6,Mumbai,28-03-2010,Indian Premier League,25,male,T20,T20,20,2010,club,Dr DY Patil Sports Academy,Sun risers Hyderabad,2,3,field,Mumbai Indians,,,,win
419131,2010,6,Delhi,29-03-2010,Indian Premier League,26,male,T20,T20,20,2010,club,Feroz Shah Kotla,Delhi Capitals,252,6,bat,Delhi Capitals,,,,win
419132,2010,6,Mumbai,30-03-2010,Indian Premier League,27,male,T20,T20,20,2010,club,Brabourne Stadium,Mumbai Indians,3,494,field,Mumbai Indians,,,,win
419133,2010,6,Chennai,31-03-2010,Indian Premier League,28,male,T20,T20,20,2010,club,"MA Chidambaram Stadium, Chepauk",Royal Challengers Bengaluru,129,1,bat,Chennai Super Kings,,,,win
419134,2010,6,Delhi,31-03-2010,Indian Premier League,29,male,T20,T20,20,2010,club,Feroz Shah Kotla,Delhi Capitals,252,134,bat,Delhi Capitals,,,,win
419135,2010,6,Kolkata,01-04-2010,Indian Premier League,30,male,T20,T20,20,2010,club,Eden Gardens,Kolkata Knight riders,6,2,bat,Kolkata Knight riders,,,,win
419136,2010,6,Chandigarh,02-04-2010,Indian Premier League,31,male,T20,T20,20,2010,club,"Punjab Cricket Association Stadium, Mohali",Punjab Kings,494,1,bat,Royal Challengers Bengaluru,,,,win
419137,2010,6,Chennai,03-04-2010,Indian Premier League,32,male,T20,T20,20,2010,club,"MA Chidambaram Stadium, Chepauk",Chennai Super Kings,129,134,bat,Chennai Super Kings,,,,win
419138,2010,6,Mumbai,03-04-2010,Indian Premier League,33,male,T20,T20,20,2010,club,Brabourne Stadium,Mumbai Indians,3,2,bat,Mumbai Indians,,,,win
419139,2010,6,Kolkata,04-04-2010,Indian Premier League,34,male,T20,T20,20,2010,club,Eden Gardens,Kolkata Knight riders,6,494,bat,Punjab Kings,,,,win
419140,2010,6,Delhi,04-04-2010,Indian Premier League,35,male,T20,T20,20,2010,club,Feroz Shah Kotla,Delhi Capitals,252,1,bat,Delhi Capitals,,,,win
419141,2010,6,Nagpur,05-04-2010,Indian Premier League,36,male,T20,T20,20,2010,club,"Vidarbha Cricket Association Stadium, Jamtha",Rajasthan Royals,2,134,bat,Rajasthan Royals,,,,win
419142,2010,6,Chennai,06-04-2010,Indian Premier League,37,male,T20,T20,20,2010,club,"MA Chidambaram Stadium, Chepauk",Chennai Super Kings,129,3,bat,Chennai Super Kings,,,,win
419143,2010,6,Jaipur,07-04-2010,Indian Premier League,38,male,T20,T20,20,2010,club,Sawai Mansingh Stadium,Punjab Kings,134,494,bat,Rajasthan Royals,,,,win
419144,2010,6,Kolkata,07-04-2010,Indian Premier League,39,male,T20,T20,20,2010,club,Eden Gardens,Kolkata Knight riders,6,252,bat,Kolkata Knight riders,,,,win
419145,2010,6,Bangalore,08-04-2010,Indian Premier League,40,male,T20,T20,20,2010,club,M Chinnaswamy Stadium,Sun risers Hyderabad,1,2,field,Sun risers Hyderabad,,,,win
419146,2010,6,Chandigarh,09-04-2010,Indian Premier League,41,male,T20,T20,20,2010,club,"Punjab Cricket Association Stadium, Mohali",Mumbai Indians,494,3,bat,Punjab Kings,,,,win
419147,2010,6,Nagpur,10-04-2010,Indian Premier League,42,male,T20,T20,20,2010,club,"Vidarbha Cricket Association Stadium, Jamtha",Chennai Super Kings,2,129,bat,Sun risers Hyderabad,,,,win
419148,2010,6,Bangalore,10-04-2010,Indian Premier League,43,male,T20,T20,20,2010,club,M Chinnaswamy Stadium,Royal Challengers Bengaluru,1,6,field,Royal Challengers Bengaluru,,,,win
419149,2010,6,Delhi,11-04-2010,Indian Premier League,44,male,T20,T20,20,2010,club,Feroz Shah Kotla,Delhi Capitals,252,494,bat,Punjab Kings,,,,win
419150,2010,6,Jaipur,11-04-2010,Indian Premier League,45,male,T20,T20,20,2010,club,Sawai Mansingh Stadium,Rajasthan Royals,134,3,field,Mumbai Indians,,,,win
419151,2010,6,Nagpur,12-04-2010,Indian Premier League,46,male,T20,T20,20,2010,club,"Vidarbha Cricket Association Stadium, Jamtha",Royal Challengers Bengaluru,2,1,field,Sun risers Hyderabad,,,,win
419152,2010,6,Mumbai,13-04-2010,Indian Premier League,47,male,T20,T20,20,2010,club,Brabourne Stadium,Mumbai Indians,3,252,bat,Mumbai Indians,,,,win
419153,2010,6,Chennai,13-04-2010,Indian Premier League,48,male,T20,T20,20,2010,club,"MA Chidambaram Stadium, Chepauk",Kolkata Knight riders,129,6,bat,Chennai Super Kings,,,,win
419154,2010,6,Jaipur,14-04-2010,Indian Premier League,49,male,T20,T20,20,2010,club,Sawai Mansingh Stadium,Rajasthan Royals,134,1,bat,Royal Challengers Bengaluru,,,,win
419155,2010,6,Chennai,15-04-2010,Indian Premier League,50,male,T20,T20,20,2010,club,"MA Chidambaram Stadium, Chepauk",Chennai Super Kings,129,252,bat,Delhi Capitals,,,,win
419156,2010,6,Dharamsala,16-04-2010,Indian Premier League,51,male,T20,T20,20,2010,club,Himachal Pradesh Cricket Association Stadium,Sun risers Hyderabad,494,2,field,Sun risers Hyderabad,,,,win
419157,2010,6,Bangalore,17-04-2010,Indian Premier League,52,male,T20,T20,20,2010,club,M Chinnaswamy Stadium,Royal Challengers Bengaluru,1,3,field,Mumbai Indians,,,,win
419158,2010,6,Kolkata,17-04-2010,Indian Premier League,53,male,T20,T20,20,2010,club,Eden Gardens,Rajasthan Royals,6,134,bat,Kolkata Knight riders,,,,win
419159,2010,6,Dharamsala,18-04-2010,Indian Premier League,54,male,T20,T20,20,2010,club,Himachal Pradesh Cricket Association Stadium,Chennai Super Kings,494,129,field,Chennai Super Kings,,,,win
419160,2010,6,Delhi,18-04-2010,Indian Premier League,55,male,T20,T20,20,2010,club,Feroz Shah Kotla,Sun risers Hyderabad,252,2,bat,Sun risers Hyderabad,,,,win
419161,2010,6,Kolkata,19-04-2010,Indian Premier League,56,male,T20,T20,20,2010,club,Eden Gardens,Mumbai Indians,6,3,bat,Kolkata Knight riders,,,,win
419162,2010,6,Mumbai,21-04-2010,Indian Premier League,NULL,male,T20,T20,20,2010,club,Dr DY Patil Sports Academy,Mumbai Indians,1,3,bat,Mumbai Indians,,,,win
419163,2010,6,Mumbai,22-04-2010,Indian Premier League,NULL,male,T20,T20,20,2010,club,Dr DY Patil Sports Academy,Chennai Super Kings,129,2,bat,Chennai Super Kings,,,,win
419164,2010,6,Mumbai,24-04-2010,Indian Premier League,NULL,male,T20,T20,20,2010,club,Dr DY Patil Sports Academy,Sun risers Hyderabad,1,2,bat,Royal Challengers Bengaluru,,,,win
419165,2010,6,Mumbai,25-04-2010,Indian Premier League,NULL,male,T20,T20,20,2010,club,Dr DY Patil Sports Academy,Chennai Super Kings,129,3,bat,Chennai Super Kings,,,,win
501198,2011,6,Chennai,08-04-2011,Indian Premier League,1,male,T20,T20,20,2011,club,"MA Chidambaram Stadium, Chepauk",Chennai Super Kings,129,6,bat,Chennai Super Kings,,,,win
501199,2011,6,Hyderabad,09-04-2011,Indian Premier League,2,male,T20,T20,20,2011,club,"Rajiv Gandhi International Stadium, Uppal",Rajasthan Royals,2,134,field,Rajasthan Royals,,,,win
501200,2011,6,Kochi,09-04-2011,Indian Premier League,3,male,T20,T20,20,2011,club,Nehru Stadium,Kochi tuskers Kerala,1414,1,bat,Royal Challengers Bengaluru,,,,win
501201,2011,6,Delhi,10-04-2011,Indian Premier League,4,male,T20,T20,20,2011,club,Feroz Shah Kotla,Delhi Capitals,252,3,bat,Mumbai Indians,,,,win
501202,2011,6,Mumbai,10-04-2011,Indian Premier League,5,male,T20,T20,20,2011,club,Dr DY Patil Sports Academy,Punjab Kings,1419,494,bat,Pune warriors,,,,win
501203,2011,6,Kolkata,11-04-2011,Indian Premier League,6,male,T20,T20,20,2011,club,Eden Gardens,Kolkata Knight riders,6,2,bat,Kolkata Knight riders,,,,win
501204,2011,6,Jaipur,12-04-2011,Indian Premier League,7,male,T20,T20,20,2011,club,Sawai Mansingh Stadium,Delhi Capitals,134,252,bat,Rajasthan Royals,,,,win
501205,2011,6,Bangalore,12-04-2011,Indian Premier League,8,male,T20,T20,20,2011,club,M Chinnaswamy Stadium,Mumbai Indians,1,3,field,Mumbai Indians,,,,win
501206,2011,6,Chandigarh,13-04-2011,Indian Premier League,9,male,T20,T20,20,2011,club,"Punjab Cricket Association Stadium, Mohali",Punjab Kings,494,129,field,Punjab Kings,,,,win
501207,2011,6,Mumbai,13-04-2011,Indian Premier League,10,male,T20,T20,20,2011,club,Dr DY Patil Sports Academy,Kochi tuskers Kerala,1419,1414,bat,Pune warriors,,,,win
501208,2011,6,Hyderabad,14-04-2011,Indian Premier League,11,male,T20,T20,20,2011,club,"Rajiv Gandhi International Stadium, Uppal",Royal Challengers Bengaluru,2,1,field,Sun risers Hyderabad,,,,win
501209,2011,6,Jaipur,15-04-2011,Indian Premier League,12,male,T20,T20,20,2011,club,Sawai Mansingh Stadium,Kolkata Knight riders,134,6,field,Kolkata Knight riders,,,,win
501210,2011,6,Mumbai,15-04-2011,Indian Premier League,13,male,T20,T20,20,2011,club,Wankhede Stadium,Kochi tuskers Kerala,3,1414,field,Kochi tuskers Kerala,,,,win
501211,2011,6,Chennai,16-04-2011,Indian Premier League,14,male,T20,T20,20,2011,club,"MA Chidambaram Stadium, Chepauk",Chennai Super Kings,129,1,bat,Chennai Super Kings,,,,win
501212,2011,6,Hyderabad,16-04-2011,Indian Premier League,15,male,T20,T20,20,2011,club,"Rajiv Gandhi International Stadium, Uppal",Punjab Kings,2,494,field,Punjab Kings,,,,win
501213,2011,6,Mumbai,17-04-2011,Indian Premier League,16,male,T20,T20,20,2011,club,Dr DY Patil Sports Academy,Delhi Capitals,1419,252,field,Delhi Capitals,,,,win
501214,2011,6,Kolkata,17-04-2011,Indian Premier League,17,male,T20,T20,20,2011,club,Eden Gardens,Kolkata Knight riders,6,134,field,Kolkata Knight riders,,,,win
501215,2011,6,Kochi,18-04-2011,Indian Premier League,18,male,T20,T20,20,2011,club,Nehru Stadium,Kochi tuskers Kerala,1414,129,field,Kochi tuskers Kerala,,,,win
501216,2011,6,Delhi,19-04-2011,Indian Premier League,19,male,T20,T20,20,2011,club,Feroz Shah Kotla,Sun risers Hyderabad,252,2,bat,Sun risers Hyderabad,,,,win
501218,2011,6,Mumbai,20-04-2011,Indian Premier League,21,male,T20,T20,20,2011,club,Wankhede Stadium,Pune warriors,3,1419,bat,Mumbai Indians,,,,win
501219,2011,6,Kolkata,20-04-2011,Indian Premier League,22,male,T20,T20,20,2011,club,Eden Gardens,Kolkata Knight riders,6,1414,field,Kochi tuskers Kerala,,,,win
501220,2011,6,Chandigarh,21-04-2011,Indian Premier League,23,male,T20,T20,20,2011,club,"Punjab Cricket Association Stadium, Mohali",Rajasthan Royals,494,134,field,Punjab Kings,,,,win
501221,2011,6,Mumbai,22-04-2011,Indian Premier League,25,male,T20,T20,20,2011,club,Wankhede Stadium,Chennai Super Kings,3,129,field,Mumbai Indians,,,,win
501222,2011,6,Kolkata,22-04-2011,Indian Premier League,24,male,T20,T20,20,2011,club,Eden Gardens,Royal Challengers Bengaluru,6,1,field,Royal Challengers Bengaluru,,,,win
501223,2011,6,Delhi,23-04-2011,Indian Premier League,26,male,T20,T20,20,2011,club,Feroz Shah Kotla,Punjab Kings,252,494,field,Delhi Capitals,,,,win
501224,2011,6,Hyderabad,24-04-2011,Indian Premier League,27,male,T20,T20,20,2011,club,"Rajiv Gandhi International Stadium, Uppal",Sun risers Hyderabad,2,3,field,Mumbai Indians,,,,win
501225,2011,6,Jaipur,24-04-2011,Indian Premier League,28,male,T20,T20,20,2011,club,Sawai Mansingh Stadium,Rajasthan Royals,134,1414,field,Rajasthan Royals,,,,win
501226,2011,6,Chennai,25-04-2011,Indian Premier League,29,male,T20,T20,20,2011,club,"MA Chidambaram Stadium, Chepauk",Pune warriors,129,1419,field,Chennai Super Kings,,,,win
501227,2011,6,Delhi,26-04-2011,Indian Premier League,30,male,T20,T20,20,2011,club,Feroz Shah Kotla,Royal Challengers Bengaluru,252,1,field,Royal Challengers Bengaluru,,,,win
501228,2011,6,Mumbai,27-04-2011,Indian Premier League,31,male,T20,T20,20,2011,club,Dr DY Patil Sports Academy,Pune warriors,1419,129,bat,Chennai Super Kings,,,,win
501229,2011,6,Kochi,27-04-2011,Indian Premier League,32,male,T20,T20,20,2011,club,Nehru Stadium,Kochi tuskers Kerala,1414,2,field,Sun risers Hyderabad,,,,win
501230,2011,6,Delhi,28-04-2011,Indian Premier League,33,male,T20,T20,20,2011,club,Feroz Shah Kotla,Delhi Capitals,252,6,field,Kolkata Knight riders,,,,win
501231,2011,6,Jaipur,29-04-2011,Indian Premier League,34,male,T20,T20,20,2011,club,Sawai Mansingh Stadium,Rajasthan Royals,134,3,field,Rajasthan Royals,,,,win
501232,2011,6,Bangalore,29-04-2011,Indian Premier League,35,male,T20,T20,20,2011,club,M Chinnaswamy Stadium,Pune warriors,1,1419,field,Royal Challengers Bengaluru,,,,win
501233,2011,6,Kochi,30-04-2011,Indian Premier League,36,male,T20,T20,20,2011,club,Nehru Stadium,Delhi Capitals,1414,252,bat,Delhi Capitals,,,,win
501234,2011,6,Kolkata,30-04-2011,Indian Premier League,37,male,T20,T20,20,2011,club,Eden Gardens,Kolkata Knight riders,6,494,field,Kolkata Knight riders,,,,win
501235,2011,6,Jaipur,01-05-2011,Indian Premier League,38,male,T20,T20,20,2011,club,Sawai Mansingh Stadium,Rajasthan Royals,134,1419,field,Rajasthan Royals,,,,win
501236,2011,6,Chennai,01-05-2011,Indian Premier League,39,male,T20,T20,20,2011,club,"MA Chidambaram Stadium, Chepauk",Chennai Super Kings,129,2,bat,Chennai Super Kings,,,,win
501237,2011,6,Mumbai,02-05-2011,Indian Premier League,40,male,T20,T20,20,2011,club,Wankhede Stadium,Punjab Kings,3,494,field,Mumbai Indians,,,,win
501238,2011,6,Delhi,02-05-2011,Indian Premier League,41,male,T20,T20,20,2011,club,Feroz Shah Kotla,Kochi tuskers Kerala,252,1414,field,Kochi tuskers Kerala,,,,win
501239,2011,6,Hyderabad,03-05-2011,Indian Premier League,42,male,T20,T20,20,2011,club,"Rajiv Gandhi International Stadium, Uppal",Sun risers Hyderabad,2,6,field,Kolkata Knight riders,,,,win
501240,2011,6,Chennai,04-05-2011,Indian Premier League,43,male,T20,T20,20,2011,club,"MA Chidambaram Stadium, Chepauk",Rajasthan Royals,129,134,bat,Chennai Super Kings,,,,win
501241,2011,6,Mumbai,04-05-2011,Indian Premier League,44,male,T20,T20,20,2011,club,Dr DY Patil Sports Academy,Pune warriors,1419,3,field,Mumbai Indians,,,,win
501242,2011,6,Kochi,05-05-2011,Indian Premier League,45,male,T20,T20,20,2011,club,Nehru Stadium,Kolkata Knight riders,1414,6,field,Kochi tuskers Kerala,,,,win
501243,2011,6,Hyderabad,05-05-2011,Indian Premier League,46,male,T20,T20,20,2011,club,"Rajiv Gandhi International Stadium, Uppal",Delhi Capitals,2,252,field,Delhi Capitals,,,,win
501244,2011,6,Bangalore,06-05-2011,Indian Premier League,47,male,T20,T20,20,2011,club,M Chinnaswamy Stadium,Punjab Kings,1,494,field,Royal Challengers Bengaluru,,,,win
501245,2011,6,Kolkata,07-05-2011,Indian Premier League,48,male,T20,T20,20,2011,club,Eden Gardens,Chennai Super Kings,6,129,bat,Kolkata Knight riders,,,,win
501246,2011,6,Mumbai,07-05-2011,Indian Premier League,49,male,T20,T20,20,2011,club,Wankhede Stadium,Delhi Capitals,3,252,field,Mumbai Indians,,,,win
501247,2011,6,Bangalore,08-05-2011,Indian Premier League,50,male,T20,T20,20,2011,club,M Chinnaswamy Stadium,Kochi tuskers Kerala,1,1414,bat,Royal Challengers Bengaluru,,,,win
501248,2011,6,Chandigarh,08-05-2011,Indian Premier League,51,male,T20,T20,20,2011,club,"Punjab Cricket Association Stadium, Mohali",Punjab Kings,494,1419,bat,Pune warriors,,,,win
501249,2011,6,Jaipur,09-05-2011,Indian Premier League,52,male,T20,T20,20,2011,club,Sawai Mansingh Stadium,Rajasthan Royals,134,129,field,Chennai Super Kings,,,,win
501250,2011,6,Hyderabad,10-05-2011,Indian Premier League,53,male,T20,T20,20,2011,club,"Rajiv Gandhi International Stadium, Uppal",Sun risers Hyderabad,2,1419,bat,Pune warriors,,,,win
501251,2011,6,Chandigarh,10-05-2011,Indian Premier League,54,male,T20,T20,20,2011,club,"Punjab Cricket Association Stadium, Mohali",Mumbai Indians,494,3,field,Punjab Kings,,,,win
501252,2011,6,Jaipur,11-05-2011,Indian Premier League,55,male,T20,T20,20,2011,club,Sawai Mansingh Stadium,Royal Challengers Bengaluru,134,1,field,Royal Challengers Bengaluru,,,,win
501253,2011,6,Chennai,12-05-2011,Indian Premier League,56,male,T20,T20,20,2011,club,"MA Chidambaram Stadium, Chepauk",Chennai Super Kings,129,252,bat,Chennai Super Kings,,,,win
501254,2011,6,Indore,13-05-2011,Indian Premier League,57,male,T20,T20,20,2011,club,Holkar Cricket Stadium,Punjab Kings,1414,494,field,Punjab Kings,,,,win
501255,2011,6,Bangalore,14-05-2011,Indian Premier League,58,male,T20,T20,20,2011,club,M Chinnaswamy Stadium,Royal Challengers Bengaluru,1,6,field,Royal Challengers Bengaluru,,,,win
501256,2011,6,Mumbai,14-05-2011,Indian Premier League,59,male,T20,T20,20,2011,club,Wankhede Stadium,Sun risers Hyderabad,3,2,bat,Sun risers Hyderabad,,,,win
501257,2011,6,Dharamsala,15-05-2011,Indian Premier League,60,male,T20,T20,20,2011,club,Himachal Pradesh Cricket Association Stadium,Delhi Capitals,494,252,field,Punjab Kings,,,,win
501258,2011,6,Indore,15-05-2011,Indian Premier League,61,male,T20,T20,20,2011,club,Holkar Cricket Stadium,Kochi tuskers Kerala,1414,134,field,Kochi tuskers Kerala,,,,win
501259,2011,6,Mumbai,16-05-2011,Indian Premier League,62,male,T20,T20,20,2011,club,Dr DY Patil Sports Academy,Sun risers Hyderabad,1419,2,field,Sun risers Hyderabad,,,,win
501260,2011,6,Dharamsala,17-05-2011,Indian Premier League,63,male,T20,T20,20,2011,club,Himachal Pradesh Cricket Association Stadium,Punjab Kings,494,1,bat,Punjab Kings,,,,win
501261,2011,6,Chennai,18-05-2011,Indian Premier League,64,male,T20,T20,20,2011,club,"MA Chidambaram Stadium, Chepauk",Chennai Super Kings,129,1414,bat,Chennai Super Kings,,,,win
501262,2011,6,Mumbai,19-05-2011,Indian Premier League,65,male,T20,T20,20,2011,club,Dr DY Patil Sports Academy,Kolkata Knight riders,1419,6,field,Kolkata Knight riders,,,,win
501263,2011,6,Mumbai,20-05-2011,Indian Premier League,66,male,T20,T20,20,2011,club,Wankhede Stadium,Mumbai Indians,3,134,bat,Rajasthan Royals,,,,win
501264,2011,6,Dharamsala,21-05-2011,Indian Premier League,67,male,T20,T20,20,2011,club,Himachal Pradesh Cricket Association Stadium,Punjab Kings,494,2,field,Sun risers Hyderabad,,,,win
501265,2011,6,Delhi,21-05-2011,Indian Premier League,68,male,T20,T20,20,2011,club,Feroz Shah Kotla,Delhi Capitals,252,1419,bat,Pune warriors,,,,no result
501266,2011,6,Bangalore,22-05-2011,Indian Premier League,69,male,T20,T20,20,2011,club,M Chinnaswamy Stadium,Royal Challengers Bengaluru,1,129,field,Royal Challengers Bengaluru,,,,win
501267,2011,6,Kolkata,22-05-2011,Indian Premier League,70,male,T20,T20,20,2011,club,Eden Gardens,Mumbai Indians,6,3,field,Mumbai Indians,,,,win
501268,2011,6,Mumbai,24-05-2011,Indian Premier League,NULL,male,T20,T20,20,2011,club,Wankhede Stadium,Chennai Super Kings,1,129,field,Chennai Super Kings,,,,win
501269,2011,6,Mumbai,25-05-2011,Indian Premier League,NULL,male,T20,T20,20,2011,club,Wankhede Stadium,Mumbai Indians,3,6,field,Mumbai Indians,,,,win
501270,2011,6,Chennai,27-05-2011,Indian Premier League,NULL,male,T20,T20,20,2011,club,"MA Chidambaram Stadium, Chepauk",Mumbai Indians,1,3,field,Royal Challengers Bengaluru,,,,win
501271,2011,6,Chennai,28-05-2011,Indian Premier League,NULL,male,T20,T20,20,2011,club,"MA Chidambaram Stadium, Chepauk",Chennai Super Kings,129,1,bat,Chennai Super Kings,,,,win
548306,2012,6,Chennai,04-04-2012,Indian Premier League,1,male,T20,T20,20,2012,club,"MA Chidambaram Stadium, Chepauk",Mumbai Indians,129,3,field,Mumbai Indians,,,,win
548307,2012,6,Kolkata,05-04-2012,Indian Premier League,2,male,T20,T20,20,2012,club,Eden Gardens,Delhi Capitals,6,252,field,Delhi Capitals,,,,win
548308,2012,6,Mumbai,06-04-2012,Indian Premier League,3,male,T20,T20,20,2012,club,Wankhede Stadium,Mumbai Indians,3,1419,field,Pune warriors,,,,win
548309,2012,6,Jaipur,06-04-2012,Indian Premier League,4,male,T20,T20,20,2012,club,Sawai Mansingh Stadium,Punjab Kings,134,494,field,Rajasthan Royals,,,,win
548310,2012,6,Bangalore,07-04-2012,Indian Premier League,5,male,T20,T20,20,2012,club,M Chinnaswamy Stadium,Delhi Capitals,1,252,field,Royal Challengers Bengaluru,,,,win
548311,2012,6,Visakhapatnam,07-04-2012,Indian Premier League,6,male,T20,T20,20,2012,club,Dr. Y.S. Rajasekhara Reddy ACA-VDCA Cricket Stadium,Sun risers Hyderabad,2,129,field,Chennai Super Kings,,,,win
548312,2012,6,Jaipur,08-04-2012,Indian Premier League,7,male,T20,T20,20,2012,club,Sawai Mansingh Stadium,Kolkata Knight riders,134,6,field,Rajasthan Royals,,,,win
548313,2012,6,Pune,08-04-2012,Indian Premier League,8,male,T20,T20,20,2012,club,Subrata Roy Sahara Stadium,Pune warriors,1419,494,bat,Pune warriors,,,,win
548314,2012,6,Visakhapatnam,09-04-2012,Indian Premier League,9,male,T20,T20,20,2012,club,Dr. Y.S. Rajasekhara Reddy ACA-VDCA Cricket Stadium,Sun risers Hyderabad,2,3,bat,Mumbai Indians,,,,win
548315,2012,6,Bangalore,10-04-2012,Indian Premier League,10,male,T20,T20,20,2012,club,M Chinnaswamy Stadium,Royal Challengers Bengaluru,1,6,field,Kolkata Knight riders,,,,win
548316,2012,6,Delhi,10-04-2012,Indian Premier League,11,male,T20,T20,20,2012,club,Feroz Shah Kotla,Delhi Capitals,252,129,field,Delhi Capitals,,,,win
548317,2012,6,Mumbai,11-04-2012,Indian Premier League,12,male,T20,T20,20,2012,club,Wankhede Stadium,Rajasthan Royals,3,134,field,Mumbai Indians,,,,win
548318,2012,6,Chennai,12-04-2012,Indian Premier League,13,male,T20,T20,20,2012,club,"MA Chidambaram Stadium, Chepauk",Royal Challengers Bengaluru,129,1,bat,Chennai Super Kings,,,,win
548319,2012,6,Chandigarh,12-04-2012,Indian Premier League,14,male,T20,T20,20,2012,club,"Punjab Cricket Association Stadium, Mohali",Punjab Kings,494,1419,field,Punjab Kings,,,,win
548320,2012,6,Kolkata,13-04-2012,Indian Premier League,15,male,T20,T20,20,2012,club,Eden Gardens,Rajasthan Royals,6,134,bat,Kolkata Knight riders,,,,win
548321,2012,6,Delhi,19-04-2012,Indian Premier League,23,male,T20,T20,20,2012,club,Feroz Shah Kotla,Sun risers Hyderabad,252,2,bat,Delhi Capitals,,,,win
548322,2012,6,Pune,14-04-2012,Indian Premier League,16,male,T20,T20,20,2012,club,Subrata Roy Sahara Stadium,Chennai Super Kings,1419,129,bat,Pune warriors,,,,win
548323,2012,6,Kolkata,15-04-2012,Indian Premier League,17,male,T20,T20,20,2012,club,Eden Gardens,Kolkata Knight riders,6,494,field,Punjab Kings,,,,win
548324,2012,6,Bangalore,15-04-2012,Indian Premier League,18,male,T20,T20,20,2012,club,M Chinnaswamy Stadium,Rajasthan Royals,1,134,bat,Rajasthan Royals,,,,win
548325,2012,6,Mumbai,16-04-2012,Indian Premier League,19,male,T20,T20,20,2012,club,Wankhede Stadium,Delhi Capitals,3,252,field,Delhi Capitals,,,,win
548326,2012,6,Jaipur,17-04-2012,Indian Premier League,20,male,T20,T20,20,2012,club,Sawai Mansingh Stadium,Sun risers Hyderabad,134,2,bat,Rajasthan Royals,,,,win
548327,2012,6,Bangalore,17-04-2012,Indian Premier League,21,male,T20,T20,20,2012,club,M Chinnaswamy Stadium,Pune warriors,1,1419,bat,Royal Challengers Bengaluru,,,,win
548328,2012,6,Chandigarh,18-04-2012,Indian Premier League,22,male,T20,T20,20,2012,club,"Punjab Cricket Association Stadium, Mohali",Punjab Kings,494,6,bat,Kolkata Knight riders,,,,win
548329,2012,6,Hyderabad,10-05-2012,Indian Premier League,55,male,T20,T20,20,2012,club,"Rajiv Gandhi International Stadium, Uppal",Sun risers Hyderabad,2,252,bat,Delhi Capitals,,,,win
548330,2012,6,Chennai,19-04-2012,Indian Premier League,24,male,T20,T20,20,2012,club,"MA Chidambaram Stadium, Chepauk",Pune warriors,129,1419,field,Chennai Super Kings,,,,win
548331,2012,6,Chandigarh,20-04-2012,Indian Premier League,25,male,T20,T20,20,2012,club,"Punjab Cricket Association Stadium, Mohali",Royal Challengers Bengaluru,494,1,field,Royal Challengers Bengaluru,,,,win
548332,2012,6,Chennai,21-04-2012,Indian Premier League,26,male,T20,T20,20,2012,club,"MA Chidambaram Stadium, Chepauk",Rajasthan Royals,129,134,bat,Chennai Super Kings,,,,win
548333,2012,6,Delhi,21-04-2012,Indian Premier League,27,male,T20,T20,20,2012,club,Feroz Shah Kotla,Delhi Capitals,252,1419,field,Pune warriors,,,,win
548334,2012,6,Mumbai,22-04-2012,Indian Premier League,28,male,T20,T20,20,2012,club,Wankhede Stadium,Mumbai Indians,3,494,bat,Punjab Kings,,,,win
548335,2012,6,Cuttack,22-04-2012,Indian Premier League,29,male,T20,T20,20,2012,club,Barabati Stadium,Kolkata Knight riders,2,6,field,Kolkata Knight riders,,,,win
548336,2012,6,Jaipur,23-04-2012,Indian Premier League,30,male,T20,T20,20,2012,club,Sawai Mansingh Stadium,Rajasthan Royals,134,1,field,Royal Challengers Bengaluru,,,,win
548337,2012,6,Pune,24-04-2012,Indian Premier League,31,male,T20,T20,20,2012,club,Subrata Roy Sahara Stadium,Pune warriors,1419,252,bat,Delhi Capitals,,,,win
548339,2012,6,Chandigarh,25-04-2012,Indian Premier League,33,male,T20,T20,20,2012,club,"Punjab Cricket Association Stadium, Mohali",Punjab Kings,494,3,bat,Mumbai Indians,,,,win
548341,2012,6,Pune,26-04-2012,Indian Premier League,35,male,T20,T20,20,2012,club,Subrata Roy Sahara Stadium,Sun risers Hyderabad,1419,2,bat,Sun risers Hyderabad,,,,win
548342,2012,6,Delhi,27-04-2012,Indian Premier League,36,male,T20,T20,20,2012,club,Feroz Shah Kotla,Mumbai Indians,252,3,field,Delhi Capitals,,,,win
548343,2012,6,Chennai,28-04-2012,Indian Premier League,37,male,T20,T20,20,2012,club,"MA Chidambaram Stadium, Chepauk",Punjab Kings,129,494,bat,Punjab Kings,,,,win
548344,2012,6,Kolkata,28-04-2012,Indian Premier League,38,male,T20,T20,20,2012,club,Eden Gardens,Kolkata Knight riders,6,1,bat,Kolkata Knight riders,,,,win
548345,2012,6,Delhi,29-04-2012,Indian Premier League,39,male,T20,T20,20,2012,club,Feroz Shah Kotla,Delhi Capitals,252,134,bat,Delhi Capitals,,,,win
548346,2012,6,Mumbai,29-04-2012,Indian Premier League,40,male,T20,T20,20,2012,club,Wankhede Stadium,Mumbai Indians,3,2,field,Mumbai Indians,,,,win
548347,2012,6,Chennai,30-04-2012,Indian Premier League,41,male,T20,T20,20,2012,club,"MA Chidambaram Stadium, Chepauk",Chennai Super Kings,129,6,bat,Kolkata Knight riders,,,,win
548348,2012,6,Cuttack,01-05-2012,Indian Premier League,42,male,T20,T20,20,2012,club,Barabati Stadium,Sun risers Hyderabad,2,1419,bat,Sun risers Hyderabad,,,,win
548349,2012,6,Jaipur,01-05-2012,Indian Premier League,43,male,T20,T20,20,2012,club,Sawai Mansingh Stadium,Rajasthan Royals,134,252,bat,Delhi Capitals,,,,win
548350,2012,6,Bangalore,02-05-2012,Indian Premier League,44,male,T20,T20,20,2012,club,M Chinnaswamy Stadium,Punjab Kings,1,494,field,Punjab Kings,,,,win
548351,2012,6,Pune,03-05-2012,Indian Premier League,45,male,T20,T20,20,2012,club,Subrata Roy Sahara Stadium,Mumbai Indians,1419,3,bat,Mumbai Indians,,,,win
548352,2012,6,Chennai,04-05-2012,Indian Premier League,46,male,T20,T20,20,2012,club,"MA Chidambaram Stadium, Chepauk",Chennai Super Kings,129,2,bat,Chennai Super Kings,,,,win
548353,2012,6,Kolkata,05-05-2012,Indian Premier League,47,male,T20,T20,20,2012,club,Eden Gardens,Kolkata Knight riders,6,1419,bat,Kolkata Knight riders,,,,win
548354,2012,6,Chandigarh,05-05-2012,Indian Premier League,48,male,T20,T20,20,2012,club,"Punjab Cricket Association Stadium, Mohali",Rajasthan Royals,494,134,bat,Rajasthan Royals,,,,win
548355,2012,6,Mumbai,06-05-2012,Indian Premier League,49,male,T20,T20,20,2012,club,Wankhede Stadium,Mumbai Indians,3,129,field,Mumbai Indians,,,,win
548356,2012,6,Bangalore,06-05-2012,Indian Premier League,50,male,T20,T20,20,2012,club,M Chinnaswamy Stadium,Royal Challengers Bengaluru,1,2,field,Royal Challengers Bengaluru,,,,win
548357,2012,6,Delhi,07-05-2012,Indian Premier League,51,male,T20,T20,20,2012,club,Feroz Shah Kotla,Delhi Capitals,252,6,bat,Kolkata Knight riders,,,,win
548358,2012,6,Pune,08-05-2012,Indian Premier League,52,male,T20,T20,20,2012,club,Subrata Roy Sahara Stadium,Pune warriors,1419,134,bat,Rajasthan Royals,,,,win
548359,2012,6,Hyderabad,08-05-2012,Indian Premier League,53,male,T20,T20,20,2012,club,"Rajiv Gandhi International Stadium, Uppal",Sun risers Hyderabad,2,494,field,Punjab Kings,,,,win
548360,2012,6,Mumbai,09-05-2012,Indian Premier League,54,male,T20,T20,20,2012,club,Wankhede Stadium,Royal Challengers Bengaluru,3,1,field,Royal Challengers Bengaluru,,,,win
548361,2012,6,Jaipur,10-05-2012,Indian Premier League,56,male,T20,T20,20,2012,club,Sawai Mansingh Stadium,Chennai Super Kings,134,129,field,Chennai Super Kings,,,,win
548362,2012,6,Pune,11-05-2012,Indian Premier League,57,male,T20,T20,20,2012,club,Subrata Roy Sahara Stadium,Pune warriors,1419,1,field,Royal Challengers Bengaluru,,,,win
548363,2012,6,Kolkata,12-05-2012,Indian Premier League,58,male,T20,T20,20,2012,club,Eden Gardens,Mumbai Indians,6,3,bat,Mumbai Indians,,,,win
548364,2012,6,Chennai,12-05-2012,Indian Premier League,59,male,T20,T20,20,2012,club,"MA Chidambaram Stadium, Chepauk",Chennai Super Kings,129,252,field,Chennai Super Kings,,,,win
548365,2012,6,Jaipur,13-05-2012,Indian Premier League,60,male,T20,T20,20,2012,club,Sawai Mansingh Stadium,Rajasthan Royals,134,1419,bat,Rajasthan Royals,,,,win
548366,2012,6,Chandigarh,13-05-2012,Indian Premier League,61,male,T20,T20,20,2012,club,"Punjab Cricket Association Stadium, Mohali",Sun risers Hyderabad,494,2,bat,Punjab Kings,,,,win
548367,2012,6,Bangalore,14-05-2012,Indian Premier League,62,male,T20,T20,20,2012,club,M Chinnaswamy Stadium,Mumbai Indians,1,3,field,Mumbai Indians,,,,win
548368,2012,6,Kolkata,14-05-2012,Indian Premier League,63,male,T20,T20,20,2012,club,Eden Gardens,Chennai Super Kings,6,129,field,Chennai Super Kings,,,,win
548369,2012,6,Delhi,15-05-2012,Indian Premier League,64,male,T20,T20,20,2012,club,Feroz Shah Kotla,Punjab Kings,252,494,bat,Delhi Capitals,,,,win
548370,2012,6,Mumbai,16-05-2012,Indian Premier League,65,male,T20,T20,20,2012,club,Wankhede Stadium,Mumbai Indians,3,6,field,Kolkata Knight riders,,,,win
548371,2012,6,Dharamsala,17-05-2012,Indian Premier League,66,male,T20,T20,20,2012,club,Himachal Pradesh Cricket Association Stadium,Punjab Kings,494,129,field,Punjab Kings,,,,win
548372,2012,6,Delhi,17-05-2012,Indian Premier League,67,male,T20,T20,20,2012,club,Feroz Shah Kotla,Delhi Capitals,252,1,field,Royal Challengers Bengaluru,,,,win
548373,2012,6,Hyderabad,18-05-2012,Indian Premier League,68,male,T20,T20,20,2012,club,"Rajiv Gandhi International Stadium, Uppal",Rajasthan Royals,2,134,bat,Sun risers Hyderabad,,,,win
548374,2012,6,Dharamsala,19-05-2012,Indian Premier League,69,male,T20,T20,20,2012,club,Himachal Pradesh Cricket Association Stadium,Delhi Capitals,494,252,field,Delhi Capitals,,,,win
548375,2012,6,Pune,19-05-2012,Indian Premier League,70,male,T20,T20,20,2012,club,Subrata Roy Sahara Stadium,Kolkata Knight riders,1419,6,bat,Kolkata Knight riders,,,,win
548376,2012,6,Hyderabad,20-05-2012,Indian Premier League,71,male,T20,T20,20,2012,club,"Rajiv Gandhi International Stadium, Uppal",Royal Challengers Bengaluru,2,1,field,Sun risers Hyderabad,,,,win
548377,2012,6,Jaipur,20-05-2012,Indian Premier League,72,male,T20,T20,20,2012,club,Sawai Mansingh Stadium,Rajasthan Royals,134,3,bat,Mumbai Indians,,,,win
548378,2012,6,Pune,22-05-2012,Indian Premier League,NULL,male,T20,T20,20,2012,club,Subrata Roy Sahara Stadium,Kolkata Knight riders,252,6,bat,Kolkata Knight riders,,,,win
548379,2012,6,Bangalore,23-05-2012,Indian Premier League,NULL,male,T20,T20,20,2012,club,M Chinnaswamy Stadium,Mumbai Indians,129,3,field,Chennai Super Kings,,,,win
548380,2012,6,Chennai,25-05-2012,Indian Premier League,NULL,male,T20,T20,20,2012,club,"MA Chidambaram Stadium, Chepauk",Delhi Capitals,252,129,field,Chennai Super Kings,,,,win
548381,2012,6,Chennai,27-05-2012,Indian Premier League,NULL,male,T20,T20,20,2012,club,"MA Chidambaram Stadium, Chepauk",Chennai Super Kings,6,129,bat,Kolkata Knight riders,,,,win
597998,2013,6,Kolkata,03-04-2013,Indian Premier League,1,male,T20,T20,20,2013,club,Eden Gardens,Kolkata Knight riders,6,252,field,Kolkata Knight riders,,,,win
597999,2013,6,Bangalore,04-04-2013,Indian Premier League,2,male,T20,T20,20,2013,club,M Chinnaswamy Stadium,Mumbai Indians,1,3,field,Royal Challengers Bengaluru,,,,win
598000,2013,6,Hyderabad,05-04-2013,Indian Premier League,3,male,T20,T20,20,2013,club,"Rajiv Gandhi International Stadium, Uppal",Pune warriors,2,1419,field,Sun risers Hyderabad,,,,win
598001,2013,6,Delhi,06-04-2013,Indian Premier League,4,male,T20,T20,20,2013,club,Feroz Shah Kotla,Rajasthan Royals,252,134,bat,Rajasthan Royals,,,,win
598002,2013,6,Chennai,06-04-2013,Indian Premier League,5,male,T20,T20,20,2013,club,"MA Chidambaram Stadium, Chepauk",Mumbai Indians,129,3,bat,Mumbai Indians,,,,win
598003,2013,6,Pune,07-04-2013,Indian Premier League,6,male,T20,T20,20,2013,club,Subrata Roy Sahara Stadium,Pune warriors,1419,494,bat,Punjab Kings,,,,win
598004,2013,6,Hyderabad,07-04-2013,Indian Premier League,7,male,T20,T20,20,2013,club,"Rajiv Gandhi International Stadium, Uppal",Royal Challengers Bengaluru,2,1,bat,Royal Challengers Bengaluru,,,,tie
598005,2013,6,Jaipur,08-04-2013,Indian Premier League,8,male,T20,T20,20,2013,club,Sawai Mansingh Stadium,Kolkata Knight riders,134,6,field,Rajasthan Royals,,,,win
598006,2013,6,Mumbai,09-04-2013,Indian Premier League,10,male,T20,T20,20,2013,club,Wankhede Stadium,Mumbai Indians,3,252,bat,Mumbai Indians,,,,win
598007,2013,6,Chandigarh,10-04-2013,Indian Premier League,11,male,T20,T20,20,2013,club,"Punjab Cricket Association Stadium, Mohali",Chennai Super Kings,494,129,field,Chennai Super Kings,,,,win
598008,2013,6,Bangalore,11-04-2013,Indian Premier League,12,male,T20,T20,20,2013,club,M Chinnaswamy Stadium,Royal Challengers Bengaluru,1,6,field,Royal Challengers Bengaluru,,,,win
598009,2013,6,Pune,11-04-2013,Indian Premier League,13,male,T20,T20,20,2013,club,Subrata Roy Sahara Stadium,Rajasthan Royals,1419,134,bat,Pune warriors,,,,win
598010,2013,6,Delhi,12-04-2013,Indian Premier League,14,male,T20,T20,20,2013,club,Feroz Shah Kotla,Delhi Capitals,252,2,bat,Sun risers Hyderabad,,,,win
598011,2013,6,Mumbai,13-04-2013,Indian Premier League,15,male,T20,T20,20,2013,club,Wankhede Stadium,Mumbai Indians,3,1419,bat,Mumbai Indians,,,,win
598012,2013,6,Chennai,13-04-2013,Indian Premier League,16,male,T20,T20,20,2013,club,"MA Chidambaram Stadium, Chepauk",Chennai Super Kings,129,1,field,Chennai Super Kings,,,,win
598013,2013,6,Kolkata,14-04-2013,Indian Premier League,17,male,T20,T20,20,2013,club,Eden Gardens,Kolkata Knight riders,6,2,bat,Kolkata Knight riders,,,,win
598014,2013,6,Jaipur,14-04-2013,Indian Premier League,18,male,T20,T20,20,2013,club,Sawai Mansingh Stadium,Rajasthan Royals,134,494,field,Rajasthan Royals,,,,win
598015,2013,6,Chennai,15-04-2013,Indian Premier League,19,male,T20,T20,20,2013,club,"MA Chidambaram Stadium, Chepauk",Pune warriors,129,1419,bat,Pune warriors,,,,win
598016,2013,6,Chandigarh,16-04-2013,Indian Premier League,20,male,T20,T20,20,2013,club,"Punjab Cricket Association Stadium, Mohali",Kolkata Knight riders,494,6,field,Punjab Kings,,,,win
598017,2013,6,Bangalore,16-04-2013,Indian Premier League,21,male,T20,T20,20,2013,club,M Chinnaswamy Stadium,Royal Challengers Bengaluru,1,252,field,Delhi Capitals,,,,tie
598018,2013,6,Pune,17-04-2013,Indian Premier League,22,male,T20,T20,20,2013,club,Maharashtra Cricket Association Stadium,Pune warriors,1419,2,field,Sun risers Hyderabad,,,,win
598019,2013,6,Jaipur,17-04-2013,Indian Premier League,23,male,T20,T20,20,2013,club,Sawai Mansingh Stadium,Rajasthan Royals,134,3,bat,Rajasthan Royals,,,,win
598020,2013,6,Delhi,18-04-2013,Indian Premier League,24,male,T20,T20,20,2013,club,Feroz Shah Kotla,Chennai Super Kings,252,129,bat,Chennai Super Kings,,,,win
598021,2013,6,Hyderabad,19-04-2013,Indian Premier League,25,male,T20,T20,20,2013,club,"Rajiv Gandhi International Stadium, Uppal",Punjab Kings,2,494,bat,Sun risers Hyderabad,,,,win
598022,2013,6,Kolkata,20-04-2013,Indian Premier League,26,male,T20,T20,20,2013,club,Eden Gardens,Kolkata Knight riders,6,129,bat,Chennai Super Kings,,,,win
598023,2013,6,Bangalore,20-04-2013,Indian Premier League,27,male,T20,T20,20,2013,club,M Chinnaswamy Stadium,Royal Challengers Bengaluru,1,134,field,Royal Challengers Bengaluru,,,,win
598024,2013,6,Delhi,21-04-2013,Indian Premier League,28,male,T20,T20,20,2013,club,Feroz Shah Kotla,Mumbai Indians,252,3,bat,Delhi Capitals,,,,win
598025,2013,6,Chandigarh,21-04-2013,Indian Premier League,29,male,T20,T20,20,2013,club,"Punjab Cricket Association Stadium, Mohali",Punjab Kings,494,1419,field,Punjab Kings,,,,win
598026,2013,6,Chennai,22-04-2013,Indian Premier League,30,male,T20,T20,20,2013,club,"MA Chidambaram Stadium, Chepauk",Rajasthan Royals,129,134,bat,Chennai Super Kings,,,,win
598027,2013,6,Bangalore,23-04-2013,Indian Premier League,31,male,T20,T20,20,2013,club,M Chinnaswamy Stadium,Pune warriors,1,1419,field,Royal Challengers Bengaluru,,,,win
598028,2013,6,Dharamsala,16-05-2013,Indian Premier League,67,male,T20,T20,20,2013,club,Himachal Pradesh Cricket Association Stadium,Delhi Capitals,494,252,field,Punjab Kings,,,,win
598029,2013,6,Kolkata,24-04-2013,Indian Premier League,33,male,T20,T20,20,2013,club,Eden Gardens,Kolkata Knight riders,6,3,bat,Mumbai Indians,,,,win
598030,2013,6,Chennai,25-04-2013,Indian Premier League,34,male,T20,T20,20,2013,club,"MA Chidambaram Stadium, Chepauk",Sun risers Hyderabad,129,2,bat,Chennai Super Kings,,,,win
598031,2013,6,Kolkata,26-04-2013,Indian Premier League,35,male,T20,T20,20,2013,club,Eden Gardens,Punjab Kings,6,494,bat,Kolkata Knight riders,,,,win
598032,2013,6,Jaipur,27-04-2013,Indian Premier League,36,male,T20,T20,20,2013,club,Sawai Mansingh Stadium,Sun risers Hyderabad,134,2,bat,Rajasthan Royals,,,,win
598033,2013,6,Mumbai,27-04-2013,Indian Premier League,37,male,T20,T20,20,2013,club,Wankhede Stadium,Mumbai Indians,3,1,bat,Mumbai Indians,,,,win
598034,2013,6,Chennai,28-04-2013,Indian Premier League,38,male,T20,T20,20,2013,club,"MA Chidambaram Stadium, Chepauk",Kolkata Knight riders,129,6,field,Chennai Super Kings,,,,win
598035,2013,6,Raipur,28-04-2013,Indian Premier League,39,male,T20,T20,20,2013,club,Shaheed Veer Narayan Singh International Stadium,Pune warriors,252,1419,field,Delhi Capitals,,,,win
598036,2013,6,Jaipur,29-04-2013,Indian Premier League,40,male,T20,T20,20,2013,club,Sawai Mansingh Stadium,Rajasthan Royals,134,1,field,Rajasthan Royals,,,,win
598037,2013,6,Mumbai,29-04-2013,Indian Premier League,41,male,T20,T20,20,2013,club,Wankhede Stadium,Mumbai Indians,3,494,bat,Mumbai Indians,,,,win
598038,2013,6,Pune,30-04-2013,Indian Premier League,42,male,T20,T20,20,2013,club,Subrata Roy Sahara Stadium,Chennai Super Kings,1419,129,bat,Chennai Super Kings,,,,win
598039,2013,6,Hyderabad,01-05-2013,Indian Premier League,43,male,T20,T20,20,2013,club,"Rajiv Gandhi International Stadium, Uppal",Mumbai Indians,2,3,bat,Sun risers Hyderabad,,,,win
598040,2013,6,Raipur,01-05-2013,Indian Premier League,44,male,T20,T20,20,2013,club,Shaheed Veer Narayan Singh International Stadium,Kolkata Knight riders,252,6,bat,Delhi Capitals,,,,win
598041,2013,6,Chennai,02-05-2013,Indian Premier League,45,male,T20,T20,20,2013,club,"MA Chidambaram Stadium, Chepauk",Chennai Super Kings,129,494,bat,Chennai Super Kings,,,,win
598042,2013,6,Pune,02-05-2013,Indian Premier League,46,male,T20,T20,20,2013,club,Subrata Roy Sahara Stadium,Royal Challengers Bengaluru,1419,1,bat,Royal Challengers Bengaluru,,,,win
598043,2013,6,Kolkata,03-05-2013,Indian Premier League,47,male,T20,T20,20,2013,club,Eden Gardens,Rajasthan Royals,6,134,bat,Kolkata Knight riders,,,,win
598044,2013,6,Hyderabad,04-05-2013,Indian Premier League,48,male,T20,T20,20,2013,club,"Rajiv Gandhi International Stadium, Uppal",Delhi Capitals,2,252,bat,Sun risers Hyderabad,,,,win
598045,2013,6,Bangalore,14-05-2013,Indian Premier League,63,male,T20,T20,20,2013,club,M Chinnaswamy Stadium,Punjab Kings,1,494,field,Punjab Kings,,,,win
598046,2013,6,Mumbai,05-05-2013,Indian Premier League,49,male,T20,T20,20,2013,club,Wankhede Stadium,Mumbai Indians,3,129,bat,Mumbai Indians,,,,win
598047,2013,6,Jaipur,05-05-2013,Indian Premier League,50,male,T20,T20,20,2013,club,Sawai Mansingh Stadium,Pune warriors,134,1419,bat,Rajasthan Royals,,,,win
598048,2013,6,Bangalore,09-04-2013,Indian Premier League,9,male,T20,T20,20,2013,club,M Chinnaswamy Stadium,Sun risers Hyderabad,1,2,bat,Royal Challengers Bengaluru,,,,win
598049,2013,6,Jaipur,07-05-2013,Indian Premier League,52,male,T20,T20,20,2013,club,Sawai Mansingh Stadium,Delhi Capitals,134,252,bat,Rajasthan Royals,,,,win
598050,2013,6,Mumbai,07-05-2013,Indian Premier League,53,male,T20,T20,20,2013,club,Wankhede Stadium,Mumbai Indians,3,6,bat,Mumbai Indians,,,,win
598051,2013,6,Hyderabad,08-05-2013,Indian Premier League,54,male,T20,T20,20,2013,club,"Rajiv Gandhi International Stadium, Uppal",Sun risers Hyderabad,2,129,field,Chennai Super Kings,,,,win
598052,2013,6,Chandigarh,09-05-2013,Indian Premier League,55,male,T20,T20,20,2013,club,"Punjab Cricket Association Stadium, Mohali",Rajasthan Royals,494,134,field,Rajasthan Royals,,,,win
598053,2013,6,Pune,09-05-2013,Indian Premier League,56,male,T20,T20,20,2013,club,Subrata Roy Sahara Stadium,Kolkata Knight riders,1419,6,bat,Kolkata Knight riders,,,,win
598054,2013,6,Delhi,10-05-2013,Indian Premier League,57,male,T20,T20,20,2013,club,Feroz Shah Kotla,Delhi Capitals,252,1,field,Royal Challengers Bengaluru,,,,win
598055,2013,6,Pune,11-05-2013,Indian Premier League,58,male,T20,T20,20,2013,club,Subrata Roy Sahara Stadium,Pune warriors,1419,3,bat,Mumbai Indians,,,,win
598056,2013,6,Chandigarh,11-05-2013,Indian Premier League,59,male,T20,T20,20,2013,club,"Punjab Cricket Association Stadium, Mohali",Punjab Kings,494,2,field,Sun risers Hyderabad,,,,win
598057,2013,6,Ranchi,12-05-2013,Indian Premier League,60,male,T20,T20,20,2013,club,JSCA International Stadium Complex,Kolkata Knight riders,6,1,field,Kolkata Knight riders,,,,win
598058,2013,6,Jaipur,12-05-2013,Indian Premier League,61,male,T20,T20,20,2013,club,Sawai Mansingh Stadium,Rajasthan Royals,134,129,field,Rajasthan Royals,,,,win
598059,2013,6,Delhi,23-04-2013,Indian Premier League,32,male,T20,T20,20,2013,club,Feroz Shah Kotla,Punjab Kings,252,494,field,Punjab Kings,,,,win
598060,2013,6,Mumbai,13-05-2013,Indian Premier League,62,male,T20,T20,20,2013,club,Wankhede Stadium,Sun risers Hyderabad,3,2,bat,Mumbai Indians,,,,win
598061,2013,6,Ranchi,15-05-2013,Indian Premier League,65,male,T20,T20,20,2013,club,JSCA International Stadium Complex,Kolkata Knight riders,6,1419,field,Pune warriors,,,,win
598062,2013,6,Chennai,14-05-2013,Indian Premier League,64,male,T20,T20,20,2013,club,"MA Chidambaram Stadium, Chepauk",Chennai Super Kings,129,252,bat,Chennai Super Kings,,,,win
598063,2013,6,Mumbai,15-05-2013,Indian Premier League,66,male,T20,T20,20,2013,club,Wankhede Stadium,Rajasthan Royals,3,134,field,Mumbai Indians,,,,win
598064,2013,6,Chandigarh,06-05-2013,Indian Premier League,51,male,T20,T20,20,2013,club,"Punjab Cricket Association Stadium, Mohali",Punjab Kings,494,1,field,Punjab Kings,,,,win
598065,2013,6,Hyderabad,17-05-2013,Indian Premier League,68,male,T20,T20,20,2013,club,"Rajiv Gandhi International Stadium, Uppal",Sun risers Hyderabad,2,134,bat,Sun risers Hyderabad,,,,win
598066,2013,6,Dharamsala,18-05-2013,Indian Premier League,69,male,T20,T20,20,2013,club,Himachal Pradesh Cricket Association Stadium,Mumbai Indians,494,3,field,Punjab Kings,,,,win
598067,2013,6,Pune,19-05-2013,Indian Premier League,71,male,T20,T20,20,2013,club,Subrata Roy Sahara Stadium,Pune warriors,1419,252,bat,Pune warriors,,,,win
598068,2013,6,Bangalore,18-05-2013,Indian Premier League,70,male,T20,T20,20,2013,club,M Chinnaswamy Stadium,Chennai Super Kings,1,129,field,Royal Challengers Bengaluru,,,,win
598069,2013,6,Hyderabad,19-05-2013,Indian Premier League,72,male,T20,T20,20,2013,club,"Rajiv Gandhi International Stadium, Uppal",Kolkata Knight riders,2,6,bat,Sun risers Hyderabad,,,,win
598070,2013,6,Delhi,21-05-2013,Indian Premier League,NULL,male,T20,T20,20,2013,club,Feroz Shah Kotla,Chennai Super Kings,129,3,bat,Chennai Super Kings,,,,win
598071,2013,6,Delhi,22-05-2013,Indian Premier League,NULL,male,T20,T20,20,2013,club,Feroz Shah Kotla,Sun risers Hyderabad,134,2,bat,Rajasthan Royals,,,,win
598072,2013,6,Kolkata,24-05-2013,Indian Premier League,NULL,male,T20,T20,20,2013,club,Eden Gardens,Rajasthan Royals,3,134,bat,Mumbai Indians,,,,win
598073,2013,6,Kolkata,26-05-2013,Indian Premier League,NULL,male,T20,T20,20,2013,club,Eden Gardens,Mumbai Indians,129,3,bat,Mumbai Indians,,,,win
729279,2014,6,Abu Dhabi,16-04-2014,Indian Premier League,1,male,T20,T20,20,2014,club,Sheikh Zayed Stadium,Kolkata Knight riders,3,6,bat,Kolkata Knight riders,,,,win
729281,2014,6,NULL,17-04-2014,Indian Premier League,2,male,T20,T20,20,2014,club,Sharjah Cricket Stadium,Royal Challengers Bengaluru,252,1,field,Royal Challengers Bengaluru,,,,win
729283,2014,6,Abu Dhabi,18-04-2014,Indian Premier League,3,male,T20,T20,20,2014,club,Sheikh Zayed Stadium,Chennai Super Kings,129,494,bat,Punjab Kings,,,,win
729285,2014,6,Abu Dhabi,18-04-2014,Indian Premier League,4,male,T20,T20,20,2014,club,Sheikh Zayed Stadium,Rajasthan Royals,2,134,field,Rajasthan Royals,,,,win
729287,2014,6,NULL,19-04-2014,Indian Premier League,5,male,T20,T20,20,2014,club,Dubai International Cricket Stadium,Royal Challengers Bengaluru,1,3,field,Royal Challengers Bengaluru,,,,win
729289,2014,6,NULL,19-04-2014,Indian Premier League,6,male,T20,T20,20,2014,club,Dubai International Cricket Stadium,Kolkata Knight riders,6,252,bat,Delhi Capitals,,,,win
729291,2014,6,NULL,20-04-2014,Indian Premier League,7,male,T20,T20,20,2014,club,Sharjah Cricket Stadium,Punjab Kings,134,494,field,Punjab Kings,,,,win
729293,2014,6,Abu Dhabi,21-04-2014,Indian Premier League,8,male,T20,T20,20,2014,club,Sheikh Zayed Stadium,Chennai Super Kings,129,252,bat,Chennai Super Kings,,,,win
729295,2014,6,NULL,22-04-2014,Indian Premier League,9,male,T20,T20,20,2014,club,Sharjah Cricket Stadium,Sun risers Hyderabad,494,2,field,Punjab Kings,,,,win
729297,2014,6,NULL,23-04-2014,Indian Premier League,10,male,T20,T20,20,2014,club,Dubai International Cricket Stadium,Rajasthan Royals,134,129,field,Chennai Super Kings,,,,win
729299,2014,6,NULL,24-04-2014,Indian Premier League,11,male,T20,T20,20,2014,club,Sharjah Cricket Stadium,Royal Challengers Bengaluru,1,6,field,Kolkata Knight riders,,,,win
729301,2014,6,NULL,25-04-2014,Indian Premier League,12,male,T20,T20,20,2014,club,Dubai International Cricket Stadium,Sun risers Hyderabad,2,252,bat,Sun risers Hyderabad,,,,win
729303,2014,6,NULL,25-04-2014,Indian Premier League,13,male,T20,T20,20,2014,club,Dubai International Cricket Stadium,Mumbai Indians,129,3,bat,Chennai Super Kings,,,,win
729305,2014,6,Abu Dhabi,26-04-2014,Indian Premier League,14,male,T20,T20,20,2014,club,Sheikh Zayed Stadium,Rajasthan Royals,134,1,field,Rajasthan Royals,,,,win
729307,2014,6,Abu Dhabi,26-04-2014,Indian Premier League,15,male,T20,T20,20,2014,club,Sheikh Zayed Stadium,Kolkata Knight riders,6,494,field,Punjab Kings,,,,win
729309,2014,6,NULL,27-04-2014,Indian Premier League,16,male,T20,T20,20,2014,club,Sharjah Cricket Stadium,Mumbai Indians,252,3,bat,Delhi Capitals,,,,win
729311,2014,6,NULL,27-04-2014,Indian Premier League,17,male,T20,T20,20,2014,club,Sharjah Cricket Stadium,Sun risers Hyderabad,2,129,bat,Chennai Super Kings,,,,win
729313,2014,6,NULL,28-04-2014,Indian Premier League,18,male,T20,T20,20,2014,club,Dubai International Cricket Stadium,Punjab Kings,494,1,field,Punjab Kings,,,,win
729315,2014,6,Abu Dhabi,29-04-2014,Indian Premier League,19,male,T20,T20,20,2014,club,Sheikh Zayed Stadium,Rajasthan Royals,6,134,bat,Rajasthan Royals,,,,tie
729317,2014,6,NULL,30-04-2014,Indian Premier League,20,male,T20,T20,20,2014,club,Dubai International Cricket Stadium,Mumbai Indians,3,2,field,Sun risers Hyderabad,,,,win
733971,2014,6,Ranchi,02-05-2014,Indian Premier League,21,male,T20,T20,20,2014,club,JSCA International Stadium Complex,Chennai Super Kings,129,6,bat,Chennai Super Kings,,,,win
733973,2014,6,Mumbai,03-05-2014,Indian Premier League,22,male,T20,T20,20,2014,club,Wankhede Stadium,Punjab Kings,3,494,bat,Mumbai Indians,,,,win
733975,2014,6,Delhi,03-05-2014,Indian Premier League,23,male,T20,T20,20,2014,club,Feroz Shah Kotla,Rajasthan Royals,252,134,field,Rajasthan Royals,,,,win
733977,2014,6,Bangalore,04-05-2014,Indian Premier League,24,male,T20,T20,20,2014,club,M Chinnaswamy Stadium,Royal Challengers Bengaluru,1,2,field,Royal Challengers Bengaluru,,,,win
733979,2014,6,Ahmedabad,05-05-2014,Indian Premier League,25,male,T20,T20,20,2014,club,"Sardar Patel Stadium, Motera",Kolkata Knight riders,134,6,field,Rajasthan Royals,,,,win
733981,2014,6,Delhi,05-05-2014,Indian Premier League,26,male,T20,T20,20,2014,club,Feroz Shah Kotla,Chennai Super Kings,252,129,field,Chennai Super Kings,,,,win
733983,2014,6,Mumbai,06-05-2014,Indian Premier League,27,male,T20,T20,20,2014,club,Wankhede Stadium,Royal Challengers Bengaluru,3,1,field,Mumbai Indians,,,,win
733985,2014,6,Delhi,07-05-2014,Indian Premier League,28,male,T20,T20,20,2014,club,Feroz Shah Kotla,Delhi Capitals,252,6,bat,Kolkata Knight riders,,,,win
733987,2014,6,Cuttack,07-05-2014,Indian Premier League,29,male,T20,T20,20,2014,club,Barabati Stadium,Chennai Super Kings,494,129,field,Punjab Kings,,,,win
733989,2014,6,Ahmedabad,08-05-2014,Indian Premier League,30,male,T20,T20,20,2014,club,"Sardar Patel Stadium, Motera",Rajasthan Royals,134,2,field,Sun risers Hyderabad,,,,win
733991,2014,6,Bangalore,09-05-2014,Indian Premier League,31,male,T20,T20,20,2014,club,M Chinnaswamy Stadium,Royal Challengers Bengaluru,1,494,field,Punjab Kings,,,,win
733993,2014,6,Delhi,10-05-2014,Indian Premier League,32,male,T20,T20,20,2014,club,Feroz Shah Kotla,Sun risers Hyderabad,252,2,field,Sun risers Hyderabad,,,,win
733995,2014,6,Mumbai,10-05-2014,Indian Premier League,33,male,T20,T20,20,2014,club,Wankhede Stadium,Chennai Super Kings,3,129,field,Chennai Super Kings,,,,win
733997,2014,6,Cuttack,11-05-2014,Indian Premier League,34,male,T20,T20,20,2014,club,Barabati Stadium,Kolkata Knight riders,494,6,field,Kolkata Knight riders,,,,win
733999,2014,6,Bangalore,11-05-2014,Indian Premier League,35,male,T20,T20,20,2014,club,M Chinnaswamy Stadium,Royal Challengers Bengaluru,1,134,bat,Rajasthan Royals,,,,win
734001,2014,6,Hyderabad,12-05-2014,Indian Premier League,36,male,T20,T20,20,2014,club,"Rajiv Gandhi International Stadium, Uppal",Sun risers Hyderabad,2,3,bat,Mumbai Indians,,,,win
734003,2014,6,Ranchi,13-05-2014,Indian Premier League,37,male,T20,T20,20,2014,club,JSCA International Stadium Complex,Rajasthan Royals,129,134,bat,Chennai Super Kings,,,,win
734005,2014,6,Bangalore,13-05-2014,Indian Premier League,38,male,T20,T20,20,2014,club,M Chinnaswamy Stadium,Delhi Capitals,1,252,field,Royal Challengers Bengaluru,,,,win
734007,2014,6,Hyderabad,14-05-2014,Indian Premier League,39,male,T20,T20,20,2014,club,"Rajiv Gandhi International Stadium, Uppal",Punjab Kings,2,494,field,Punjab Kings,,,,win
734009,2014,6,Cuttack,14-05-2014,Indian Premier League,40,male,T20,T20,20,2014,club,Barabati Stadium,Kolkata Knight riders,6,3,field,Kolkata Knight riders,,,,win
734011,2014,6,Ahmedabad,15-05-2014,Indian Premier League,41,male,T20,T20,20,2014,club,"Sardar Patel Stadium, Motera",Delhi Capitals,134,252,field,Rajasthan Royals,,,,win
734013,2014,6,Ranchi,18-05-2014,Indian Premier League,42,male,T20,T20,20,2014,club,JSCA International Stadium Complex,Chennai Super Kings,129,1,bat,Royal Challengers Bengaluru,,,,win
734015,2014,6,Hyderabad,18-05-2014,Indian Premier League,43,male,T20,T20,20,2014,club,"Rajiv Gandhi International Stadium, Uppal",Sun risers Hyderabad,2,6,bat,Kolkata Knight riders,,,,win
734017,2014,6,Ahmedabad,19-05-2014,Indian Premier League,44,male,T20,T20,20,2014,club,"Sardar Patel Stadium, Motera",Mumbai Indians,134,3,bat,Mumbai Indians,,,,win
734019,2014,6,Delhi,19-05-2014,Indian Premier League,45,male,T20,T20,20,2014,club,Feroz Shah Kotla,Punjab Kings,252,494,field,Punjab Kings,,,,win
734021,2014,6,Hyderabad,20-05-2014,Indian Premier League,46,male,T20,T20,20,2014,club,"Rajiv Gandhi International Stadium, Uppal",Royal Challengers Bengaluru,2,1,bat,Sun risers Hyderabad,,,,win
734023,2014,6,Kolkata,20-05-2014,Indian Premier League,47,male,T20,T20,20,2014,club,Eden Gardens,Kolkata Knight riders,6,129,field,Kolkata Knight riders,,,,win
734025,2014,6,Chandigarh,21-05-2014,Indian Premier League,48,male,T20,T20,20,2014,club,"Punjab Cricket Association Stadium, Mohali",Mumbai Indians,494,3,field,Mumbai Indians,,,,win
734027,2014,6,Kolkata,22-05-2014,Indian Premier League,49,male,T20,T20,20,2014,club,Eden Gardens,Royal Challengers Bengaluru,6,1,field,Kolkata Knight riders,,,,win
734029,2014,6,Ranchi,22-05-2014,Indian Premier League,50,male,T20,T20,20,2014,club,JSCA International Stadium Complex,Sun risers Hyderabad,129,2,field,Sun risers Hyderabad,,,,win
734031,2014,6,Mumbai,23-05-2014,Indian Premier League,51,male,T20,T20,20,2014,club,Wankhede Stadium,Delhi Capitals,3,252,field,Mumbai Indians,,,,win
734033,2014,6,Chandigarh,23-05-2014,Indian Premier League,52,male,T20,T20,20,2014,club,"Punjab Cricket Association Stadium, Mohali",Rajasthan Royals,494,134,field,Punjab Kings,,,,win
734035,2014,6,Bangalore,24-05-2014,Indian Premier League,53,male,T20,T20,20,2014,club,M Chinnaswamy Stadium,Chennai Super Kings,1,129,field,Chennai Super Kings,,,,win
734037,2014,6,Kolkata,24-05-2014,Indian Premier League,54,male,T20,T20,20,2014,club,Eden Gardens,Kolkata Knight riders,6,2,field,Kolkata Knight riders,,,,win
734039,2014,6,Chandigarh,25-05-2014,Indian Premier League,55,male,T20,T20,20,2014,club,"Punjab Cricket Association Stadium, Mohali",Punjab Kings,494,252,field,Punjab Kings,,,,win
734041,2014,6,Mumbai,25-05-2014,Indian Premier League,56,male,T20,T20,20,2014,club,Wankhede Stadium,Mumbai Indians,3,134,field,Mumbai Indians,,,,win
734043,2014,6,Kolkata,27-05-2014,Indian Premier League,NULL,male,T20,T20,20,2014,club,Eden Gardens,Punjab Kings,494,6,field,Kolkata Knight riders,,,,win
734045,2014,6,Mumbai,28-05-2014,Indian Premier League,NULL,male,T20,T20,20,2014,club,Brabourne Stadium,Chennai Super Kings,129,3,field,Chennai Super Kings,,,,win
734047,2014,6,Mumbai,30-05-2014,Indian Premier League,NULL,male,T20,T20,20,2014,club,Wankhede Stadium,Chennai Super Kings,129,494,field,Punjab Kings,,,,win
734049,2014,6,Bangalore,01-06-2014,Indian Premier League,NULL,male,T20,T20,20,2014,club,M Chinnaswamy Stadium,Kolkata Knight riders,6,494,field,Kolkata Knight riders,,,,win
829705,2015,6,Kolkata,08-04-2015,Indian Premier League,1,male,T20,T20,20,2015,club,Eden Gardens,Kolkata Knight riders,6,3,field,Kolkata Knight riders,,,,win
829707,2015,6,Chennai,09-04-2015,Indian Premier League,2,male,T20,T20,20,2015,club,"MA Chidambaram Stadium, Chepauk",Delhi Capitals,129,252,field,Chennai Super Kings,,,,win
829709,2015,6,Pune,10-04-2015,Indian Premier League,3,male,T20,T20,20,2015,club,Maharashtra Cricket Association Stadium,Punjab Kings,494,134,field,Rajasthan Royals,,,,win
829711,2015,6,Chennai,11-04-2015,Indian Premier League,4,male,T20,T20,20,2015,club,"MA Chidambaram Stadium, Chepauk",Chennai Super Kings,129,2,bat,Chennai Super Kings,,,,win
829713,2015,6,Kolkata,11-04-2015,Indian Premier League,5,male,T20,T20,20,2015,club,Eden Gardens,Royal Challengers Bengaluru,6,1,field,Royal Challengers Bengaluru,,,,win
829715,2015,6,Delhi,12-04-2015,Indian Premier League,6,male,T20,T20,20,2015,club,Feroz Shah Kotla,Rajasthan Royals,252,134,field,Rajasthan Royals,,,,win
829717,2015,6,Mumbai,12-04-2015,Indian Premier League,7,male,T20,T20,20,2015,club,Wankhede Stadium,Mumbai Indians,3,494,field,Punjab Kings,,,,win
829719,2015,6,Bangalore,13-04-2015,Indian Premier League,8,male,T20,T20,20,2015,club,M Chinnaswamy Stadium,Sun risers Hyderabad,1,2,field,Sun risers Hyderabad,,,,win
829721,2015,6,Ahmedabad,14-04-2015,Indian Premier League,9,male,T20,T20,20,2015,club,"Sardar Patel Stadium, Motera",Mumbai Indians,134,3,bat,Rajasthan Royals,,,,win
829723,2015,6,Kolkata,30-04-2015,Indian Premier League,30,male,T20,T20,20,2015,club,Eden Gardens,Kolkata Knight riders,6,129,field,Kolkata Knight riders,,,,win
829725,2015,6,Pune,15-04-2015,Indian Premier League,10,male,T20,T20,20,2015,club,Maharashtra Cricket Association Stadium,Punjab Kings,494,252,bat,Delhi Capitals,,,,win
829727,2015,6,Visakhapatnam,16-04-2015,Indian Premier League,11,male,T20,T20,20,2015,club,Dr. Y.S. Rajasekhara Reddy ACA-VDCA Cricket Stadium,Rajasthan Royals,2,134,field,Rajasthan Royals,,,,win
829729,2015,6,Mumbai,17-04-2015,Indian Premier League,12,male,T20,T20,20,2015,club,Wankhede Stadium,Mumbai Indians,3,129,bat,Chennai Super Kings,,,,win
829731,2015,6,Visakhapatnam,18-04-2015,Indian Premier League,13,male,T20,T20,20,2015,club,Dr. Y.S. Rajasekhara Reddy ACA-VDCA Cricket Stadium,Delhi Capitals,2,252,bat,Delhi Capitals,,,,win
829733,2015,6,Pune,18-04-2015,Indian Premier League,14,male,T20,T20,20,2015,club,Maharashtra Cricket Association Stadium,Kolkata Knight riders,494,6,field,Kolkata Knight riders,,,,win
829735,2015,6,Ahmedabad,19-04-2015,Indian Premier League,15,male,T20,T20,20,2015,club,"Sardar Patel Stadium, Motera",Chennai Super Kings,134,129,bat,Rajasthan Royals,,,,win
829737,2015,6,Bangalore,19-04-2015,Indian Premier League,16,male,T20,T20,20,2015,club,M Chinnaswamy Stadium,Royal Challengers Bengaluru,1,3,field,Mumbai Indians,,,,win
829739,2015,6,Delhi,20-04-2015,Indian Premier League,17,male,T20,T20,20,2015,club,Feroz Shah Kotla,Kolkata Knight riders,252,6,field,Kolkata Knight riders,,,,win
829741,2015,6,Ahmedabad,21-04-2015,Indian Premier League,18,male,T20,T20,20,2015,club,"Sardar Patel Stadium, Motera",Punjab Kings,134,494,field,Punjab Kings,,,,tie
829743,2015,6,Visakhapatnam,22-04-2015,Indian Premier League,19,male,T20,T20,20,2015,club,Dr. Y.S. Rajasekhara Reddy ACA-VDCA Cricket Stadium,Kolkata Knight riders,2,6,field,Sun risers Hyderabad,,,,win
829745,2015,6,Bangalore,22-04-2015,Indian Premier League,20,male,T20,T20,20,2015,club,M Chinnaswamy Stadium,Royal Challengers Bengaluru,1,129,field,Chennai Super Kings,,,,win
829747,2015,6,Delhi,23-04-2015,Indian Premier League,21,male,T20,T20,20,2015,club,Feroz Shah Kotla,Mumbai Indians,252,3,field,Delhi Capitals,,,,win
829749,2015,6,Ahmedabad,24-04-2015,Indian Premier League,22,male,T20,T20,20,2015,club,"Sardar Patel Stadium, Motera",Royal Challengers Bengaluru,134,1,field,Royal Challengers Bengaluru,,,,win
829751,2015,6,Mumbai,25-04-2015,Indian Premier League,23,male,T20,T20,20,2015,club,Wankhede Stadium,Mumbai Indians,3,2,bat,Mumbai Indians,,,,win
829753,2015,6,Chennai,25-04-2015,Indian Premier League,24,male,T20,T20,20,2015,club,"MA Chidambaram Stadium, Chepauk",Chennai Super Kings,129,494,bat,Chennai Super Kings,,,,win
829757,2015,6,Delhi,26-04-2015,Indian Premier League,26,male,T20,T20,20,2015,club,Feroz Shah Kotla,Royal Challengers Bengaluru,252,1,field,Royal Challengers Bengaluru,,,,win
829759,2015,6,Chandigarh,27-04-2015,Indian Premier League,27,male,T20,T20,20,2015,club,"Punjab Cricket Association Stadium, Mohali",Punjab Kings,494,2,field,Sun risers Hyderabad,,,,win
829761,2015,6,Kolkata,07-05-2015,Indian Premier League,42,male,T20,T20,20,2015,club,Eden Gardens,Kolkata Knight riders,6,252,bat,Kolkata Knight riders,,,,win
829763,2015,6,Bangalore,29-04-2015,Indian Premier League,29,male,T20,T20,20,2015,club,M Chinnaswamy Stadium,Rajasthan Royals,1,134,field,Rajasthan Royals,,,,no result
829765,2015,6,Chennai,28-04-2015,Indian Premier League,28,male,T20,T20,20,2015,club,"MA Chidambaram Stadium, Chepauk",Kolkata Knight riders,129,6,field,Chennai Super Kings,,,,win
829767,2015,6,Delhi,01-05-2015,Indian Premier League,31,male,T20,T20,20,2015,club,Feroz Shah Kotla,Delhi Capitals,252,494,field,Delhi Capitals,,,,win
829769,2015,6,Mumbai,01-05-2015,Indian Premier League,32,male,T20,T20,20,2015,club,Wankhede Stadium,Rajasthan Royals,3,134,field,Mumbai Indians,,,,win
829771,2015,6,Bangalore,02-05-2015,Indian Premier League,33,male,T20,T20,20,2015,club,M Chinnaswamy Stadium,Royal Challengers Bengaluru,1,6,field,Royal Challengers Bengaluru,,,,win
829773,2015,6,Hyderabad,02-05-2015,Indian Premier League,34,male,T20,T20,20,2015,club,"Rajiv Gandhi International Stadium, Uppal",Chennai Super Kings,2,129,field,Sun risers Hyderabad,,,,win
829775,2015,6,Chandigarh,03-05-2015,Indian Premier League,35,male,T20,T20,20,2015,club,"Punjab Cricket Association Stadium, Mohali",Mumbai Indians,494,3,bat,Mumbai Indians,,,,win
829777,2015,6,Mumbai,03-05-2015,Indian Premier League,36,male,T20,T20,20,2015,club,Brabourne Stadium,Delhi Capitals,134,252,field,Rajasthan Royals,,,,win
829779,2015,6,Chennai,04-05-2015,Indian Premier League,37,male,T20,T20,20,2015,club,"MA Chidambaram Stadium, Chepauk",Chennai Super Kings,129,1,bat,Chennai Super Kings,,,,win
829781,2015,6,Kolkata,04-05-2015,Indian Premier League,38,male,T20,T20,20,2015,club,Eden Gardens,Sun risers Hyderabad,6,2,field,Kolkata Knight riders,,,,win
829783,2015,6,Mumbai,05-05-2015,Indian Premier League,39,male,T20,T20,20,2015,club,Wankhede Stadium,Delhi Capitals,3,252,bat,Mumbai Indians,,,,win
829785,2015,6,Bangalore,06-05-2015,Indian Premier League,40,male,T20,T20,20,2015,club,M Chinnaswamy Stadium,Punjab Kings,1,494,field,Royal Challengers Bengaluru,,,,win
829787,2015,6,Mumbai,07-05-2015,Indian Premier League,41,male,T20,T20,20,2015,club,Brabourne Stadium,Rajasthan Royals,134,2,field,Sun risers Hyderabad,,,,win
829789,2015,6,Chennai,08-05-2015,Indian Premier League,43,male,T20,T20,20,2015,club,"MA Chidambaram Stadium, Chepauk",Chennai Super Kings,129,3,bat,Mumbai Indians,,,,win
829791,2015,6,Kolkata,09-05-2015,Indian Premier League,44,male,T20,T20,20,2015,club,Eden Gardens,Punjab Kings,6,494,bat,Kolkata Knight riders,,,,win
829793,2015,6,Raipur,09-05-2015,Indian Premier League,45,male,T20,T20,20,2015,club,Shaheed Veer Narayan Singh International Stadium,Sun risers Hyderabad,252,2,bat,Sun risers Hyderabad,,,,win
829795,2015,6,Mumbai,10-05-2015,Indian Premier League,46,male,T20,T20,20,2015,club,Wankhede Stadium,Royal Challengers Bengaluru,3,1,bat,Royal Challengers Bengaluru,,,,win
829797,2015,6,Chennai,10-05-2015,Indian Premier League,47,male,T20,T20,20,2015,club,"MA Chidambaram Stadium, Chepauk",Chennai Super Kings,129,134,bat,Chennai Super Kings,,,,win
829799,2015,6,Hyderabad,11-05-2015,Indian Premier League,48,male,T20,T20,20,2015,club,"Rajiv Gandhi International Stadium, Uppal",Sun risers Hyderabad,2,494,bat,Sun risers Hyderabad,,,,win
829801,2015,6,Raipur,12-05-2015,Indian Premier League,49,male,T20,T20,20,2015,club,Shaheed Veer Narayan Singh International Stadium,Chennai Super Kings,252,129,bat,Delhi Capitals,,,,win
829803,2015,6,Chandigarh,13-05-2015,Indian Premier League,50,male,T20,T20,20,2015,club,"Punjab Cricket Association Stadium, Mohali",Royal Challengers Bengaluru,494,1,field,Punjab Kings,,,,win
829805,2015,6,Mumbai,14-05-2015,Indian Premier League,51,male,T20,T20,20,2015,club,Wankhede Stadium,Kolkata Knight riders,3,6,field,Mumbai Indians,,,,win
829807,2015,6,Hyderabad,15-05-2015,Indian Premier League,52,male,T20,T20,20,2015,club,"Rajiv Gandhi International Stadium, Uppal",Sun risers Hyderabad,2,1,bat,Royal Challengers Bengaluru,,,,win
829809,2015,6,Chandigarh,16-05-2015,Indian Premier League,53,male,T20,T20,20,2015,club,"Punjab Cricket Association Stadium, Mohali",Punjab Kings,494,129,bat,Chennai Super Kings,,,,win
829811,2015,6,Mumbai,16-05-2015,Indian Premier League,54,male,T20,T20,20,2015,club,Brabourne Stadium,Rajasthan Royals,134,6,bat,Rajasthan Royals,,,,win
829813,2015,6,Bangalore,17-05-2015,Indian Premier League,55,male,T20,T20,20,2015,club,M Chinnaswamy Stadium,Royal Challengers Bengaluru,1,252,field,Delhi Capitals,,,,no result
829815,2015,6,Hyderabad,17-05-2015,Indian Premier League,56,male,T20,T20,20,2015,club,"Rajiv Gandhi International Stadium, Uppal",Sun risers Hyderabad,2,3,bat,Mumbai Indians,,,,win
829817,2015,6,Mumbai,19-05-2015,Indian Premier League,NULL,male,T20,T20,20,2015,club,Wankhede Stadium,Mumbai Indians,129,3,bat,Mumbai Indians,,,,win
829819,2015,6,Pune,20-05-2015,Indian Premier League,NULL,male,T20,T20,20,2015,club,Maharashtra Cricket Association Stadium,Royal Challengers Bengaluru,1,134,bat,Royal Challengers Bengaluru,,,,win
829821,2015,6,Ranchi,22-05-2015,Indian Premier League,NULL,male,T20,T20,20,2015,club,JSCA International Stadium Complex,Chennai Super Kings,129,1,field,Chennai Super Kings,,,,win
829823,2015,6,Kolkata,24-05-2015,Indian Premier League,NULL,male,T20,T20,20,2015,club,Eden Gardens,Chennai Super Kings,3,129,field,Mumbai Indians,,,,win
980901,2016,6,Mumbai,09-04-2016,Indian Premier League,1,male,T20,T20,20,2016,club,Wankhede Stadium,Mumbai Indians,3,4,bat,Rising Pune Supergiants,,,,win
980903,2016,6,Kolkata,10-04-2016,Indian Premier League,2,male,T20,T20,20,2016,club,Eden Gardens,Kolkata Knight riders,6,252,field,Kolkata Knight riders,,,,win
980905,2016,6,Chandigarh,11-04-2016,Indian Premier League,3,male,T20,T20,20,2016,club,"Punjab Cricket Association IS Bindra Stadium, Mohali",Gujarat Lions,494,5,field,Gujarat Lions,,,,win
980907,2016,6,Bangalore,12-04-2016,Indian Premier League,4,male,T20,T20,20,2016,club,M Chinnaswamy Stadium,Sun risers Hyderabad,1,2,field,Royal Challengers Bengaluru,,,,win
980909,2016,6,Kolkata,13-04-2016,Indian Premier League,5,male,T20,T20,20,2016,club,Eden Gardens,Mumbai Indians,6,3,field,Mumbai Indians,,,,win
980911,2016,6,Rajkot,14-04-2016,Indian Premier League,6,male,T20,T20,20,2016,club,Saurashtra Cricket Association Stadium,Rising Pune Supergiants,5,4,bat,Gujarat Lions,,,,win
980913,2016,6,Delhi,15-04-2016,Indian Premier League,7,male,T20,T20,20,2016,club,Feroz Shah Kotla,Delhi Capitals,252,494,field,Delhi Capitals,,,,win
980915,2016,6,Hyderabad,16-04-2016,Indian Premier League,8,male,T20,T20,20,2016,club,"Rajiv Gandhi International Stadium, Uppal",Sun risers Hyderabad,2,6,bat,Kolkata Knight riders,,,,win
980917,2016,6,Mumbai,16-04-2016,Indian Premier League,9,male,T20,T20,20,2016,club,Wankhede Stadium,Gujarat Lions,3,5,field,Gujarat Lions,,,,win
980919,2016,6,Chandigarh,17-04-2016,Indian Premier League,10,male,T20,T20,20,2016,club,"Punjab Cricket Association IS Bindra Stadium, Mohali",Rising Pune Supergiants,494,4,bat,Punjab Kings,,,,win
980921,2016,6,Bangalore,17-04-2016,Indian Premier League,11,male,T20,T20,20,2016,club,M Chinnaswamy Stadium,Delhi Capitals,1,252,field,Delhi Capitals,,,,win
980923,2016,6,Hyderabad,18-04-2016,Indian Premier League,12,male,T20,T20,20,2016,club,"Rajiv Gandhi International Stadium, Uppal",Sun risers Hyderabad,2,3,field,Sun risers Hyderabad,,,,win
980925,2016,6,Chandigarh,19-04-2016,Indian Premier League,13,male,T20,T20,20,2016,club,"Punjab Cricket Association IS Bindra Stadium, Mohali",Kolkata Knight riders,494,6,field,Kolkata Knight riders,,,,win
980927,2016,6,Mumbai,20-04-2016,Indian Premier League,14,male,T20,T20,20,2016,club,Wankhede Stadium,Mumbai Indians,3,1,field,Mumbai Indians,,,,win
980929,2016,6,Rajkot,21-04-2016,Indian Premier League,15,male,T20,T20,20,2016,club,Saurashtra Cricket Association Stadium,Sun risers Hyderabad,5,2,field,Sun risers Hyderabad,,,,win
980931,2016,6,Pune,22-04-2016,Indian Premier League,16,male,T20,T20,20,2016,club,Maharashtra Cricket Association Stadium,Rising Pune Supergiants,4,1,field,Royal Challengers Bengaluru,,,,win
980933,2016,6,Delhi,23-04-2016,Indian Premier League,17,male,T20,T20,20,2016,club,Feroz Shah Kotla,Mumbai Indians,252,3,field,Delhi Capitals,,,,win
980935,2016,6,Hyderabad,23-04-2016,Indian Premier League,18,male,T20,T20,20,2016,club,"Rajiv Gandhi International Stadium, Uppal",Sun risers Hyderabad,2,494,field,Sun risers Hyderabad,,,,win
980937,2016,6,Rajkot,24-04-2016,Indian Premier League,19,male,T20,T20,20,2016,club,Saurashtra Cricket Association Stadium,Royal Challengers Bengaluru,5,1,bat,Gujarat Lions,,,,win
980939,2016,6,Pune,24-04-2016,Indian Premier League,20,male,T20,T20,20,2016,club,Maharashtra Cricket Association Stadium,Kolkata Knight riders,4,6,field,Kolkata Knight riders,,,,win
980941,2016,6,Chandigarh,25-04-2016,Indian Premier League,21,male,T20,T20,20,2016,club,"Punjab Cricket Association IS Bindra Stadium, Mohali",Punjab Kings,494,3,field,Mumbai Indians,,,,win
980943,2016,6,Hyderabad,26-04-2016,Indian Premier League,22,male,T20,T20,20,2016,club,"Rajiv Gandhi International Stadium, Uppal",Rising Pune Supergiants,2,4,field,Rising Pune Supergiants,,,,win
980945,2016,6,Delhi,27-04-2016,Indian Premier League,23,male,T20,T20,20,2016,club,Feroz Shah Kotla,Delhi Capitals,252,5,field,Gujarat Lions,,,,win
980947,2016,6,Mumbai,28-04-2016,Indian Premier League,24,male,T20,T20,20,2016,club,Wankhede Stadium,Mumbai Indians,3,6,field,Mumbai Indians,,,,win
980949,2016,6,Pune,29-04-2016,Indian Premier League,25,male,T20,T20,20,2016,club,Maharashtra Cricket Association Stadium,Gujarat Lions,4,5,field,Gujarat Lions,,,,win
980951,2016,6,Delhi,30-04-2016,Indian Premier League,26,male,T20,T20,20,2016,club,Feroz Shah Kotla,Kolkata Knight riders,252,6,field,Delhi Capitals,,,,win
980953,2016,6,Hyderabad,30-04-2016,Indian Premier League,27,male,T20,T20,20,2016,club,"Rajiv Gandhi International Stadium, Uppal",Royal Challengers Bengaluru,2,1,field,Sun risers Hyderabad,,,,win
980955,2016,6,Rajkot,01-05-2016,Indian Premier League,28,male,T20,T20,20,2016,club,Saurashtra Cricket Association Stadium,Gujarat Lions,5,494,field,Punjab Kings,,,,win
980957,2016,6,Pune,01-05-2016,Indian Premier League,29,male,T20,T20,20,2016,club,Maharashtra Cricket Association Stadium,Mumbai Indians,4,3,field,Mumbai Indians,,,,win
980959,2016,6,Bangalore,02-05-2016,Indian Premier League,30,male,T20,T20,20,2016,club,M Chinnaswamy Stadium,Kolkata Knight riders,1,6,field,Kolkata Knight riders,,,,win
980961,2016,6,Rajkot,03-05-2016,Indian Premier League,31,male,T20,T20,20,2016,club,Saurashtra Cricket Association Stadium,Delhi Capitals,5,252,field,Delhi Capitals,,,,win
980963,2016,6,Kolkata,04-05-2016,Indian Premier League,32,male,T20,T20,20,2016,club,Eden Gardens,Punjab Kings,6,494,field,Kolkata Knight riders,,,,win
980965,2016,6,Delhi,05-05-2016,Indian Premier League,33,male,T20,T20,20,2016,club,Feroz Shah Kotla,Rising Pune Supergiants,252,4,field,Rising Pune Supergiants,,,,win
980967,2016,6,Hyderabad,06-05-2016,Indian Premier League,34,male,T20,T20,20,2016,club,"Rajiv Gandhi International Stadium, Uppal",Sun risers Hyderabad,2,5,field,Sun risers Hyderabad,,,,win
980969,2016,6,Bangalore,07-05-2016,Indian Premier League,35,male,T20,T20,20,2016,club,M Chinnaswamy Stadium,Royal Challengers Bengaluru,1,4,field,Royal Challengers Bengaluru,,,,win
980971,2016,6,Chandigarh,07-05-2016,Indian Premier League,36,male,T20,T20,20,2016,club,"Punjab Cricket Association IS Bindra Stadium, Mohali",Delhi Capitals,494,252,field,Punjab Kings,,,,win
980973,2016,6,Visakhapatnam,08-05-2016,Indian Premier League,37,male,T20,T20,20,2016,club,Dr. Y.S. Rajasekhara Reddy ACA-VDCA Cricket Stadium,Mumbai Indians,3,2,field,Sun risers Hyderabad,,,,win
980975,2016,6,Kolkata,08-05-2016,Indian Premier League,38,male,T20,T20,20,2016,club,Eden Gardens,Gujarat Lions,6,5,field,Gujarat Lions,,,,win
980977,2016,6,Chandigarh,09-05-2016,Indian Premier League,39,male,T20,T20,20,2016,club,"Punjab Cricket Association IS Bindra Stadium, Mohali",Punjab Kings,494,1,field,Royal Challengers Bengaluru,,,,win
1473446,2025,6,Ahmedabad,29-03-2025,Indian Premier League,9,male,T20,T20,20,2025,club,"Narendra Modi Stadium, Ahmedabad",Mumbai Indians,615,3,field,Gujarat Titans,,,,win
980979,2016,6,Visakhapatnam,10-05-2016,Indian Premier League,40,male,T20,T20,20,2016,club,Dr. Y.S. Rajasekhara Reddy ACA-VDCA Cricket Stadium,Sun risers Hyderabad,4,2,bat,Sun risers Hyderabad,,,,win
980981,2016,6,Bangalore,11-05-2016,Indian Premier League,41,male,T20,T20,20,2016,club,M Chinnaswamy Stadium,Mumbai Indians,1,3,field,Mumbai Indians,,,,win
980983,2016,6,Hyderabad,12-05-2016,Indian Premier League,42,male,T20,T20,20,2016,club,"Rajiv Gandhi International Stadium, Uppal",Delhi Capitals,2,252,field,Delhi Capitals,,,,win
980985,2016,6,Visakhapatnam,13-05-2016,Indian Premier League,43,male,T20,T20,20,2016,club,Dr. Y.S. Rajasekhara Reddy ACA-VDCA Cricket Stadium,Mumbai Indians,3,494,bat,Punjab Kings,,,,win
980987,2016,6,Bangalore,14-05-2016,Indian Premier League,44,male,T20,T20,20,2016,club,M Chinnaswamy Stadium,Gujarat Lions,1,5,field,Royal Challengers Bengaluru,,,,win
980989,2016,6,Kolkata,14-05-2016,Indian Premier League,45,male,T20,T20,20,2016,club,Eden Gardens,Rising Pune Supergiants,6,4,bat,Kolkata Knight riders,,,,win
980991,2016,6,Chandigarh,15-05-2016,Indian Premier League,46,male,T20,T20,20,2016,club,"Punjab Cricket Association IS Bindra Stadium, Mohali",Punjab Kings,494,2,bat,Sun risers Hyderabad,,,,win
980993,2016,6,Visakhapatnam,15-05-2016,Indian Premier League,47,male,T20,T20,20,2016,club,Dr. Y.S. Rajasekhara Reddy ACA-VDCA Cricket Stadium,Delhi Capitals,3,252,field,Mumbai Indians,,,,win
980995,2016,6,Kolkata,16-05-2016,Indian Premier League,48,male,T20,T20,20,2016,club,Eden Gardens,Royal Challengers Bengaluru,6,1,field,Royal Challengers Bengaluru,,,,win
980997,2016,6,Visakhapatnam,17-05-2016,Indian Premier League,49,male,T20,T20,20,2016,club,Dr. Y.S. Rajasekhara Reddy ACA-VDCA Cricket Stadium,Rising Pune Supergiants,4,252,field,Rising Pune Supergiants,,,,win
980999,2016,6,Bangalore,18-05-2016,Indian Premier League,50,male,T20,T20,20,2016,club,M Chinnaswamy Stadium,Punjab Kings,1,494,field,Royal Challengers Bengaluru,,,,win
981001,2016,6,Kanpur,19-05-2016,Indian Premier League,51,male,T20,T20,20,2016,club,Green Park,Gujarat Lions,5,6,field,Gujarat Lions,,,,win
981003,2016,6,Raipur,20-05-2016,Indian Premier League,52,male,T20,T20,20,2016,club,Shaheed Veer Narayan Singh International Stadium,Delhi Capitals,252,2,field,Delhi Capitals,,,,win
981005,2016,6,Visakhapatnam,21-05-2016,Indian Premier League,53,male,T20,T20,20,2016,club,Dr. Y.S. Rajasekhara Reddy ACA-VDCA Cricket Stadium,Punjab Kings,4,494,bat,Rising Pune Supergiants,,,,win
981007,2016,6,Kanpur,21-05-2016,Indian Premier League,54,male,T20,T20,20,2016,club,Green Park,Gujarat Lions,5,3,field,Gujarat Lions,,,,win
981009,2016,6,Kolkata,22-05-2016,Indian Premier League,55,male,T20,T20,20,2016,club,Eden Gardens,Sun risers Hyderabad,6,2,field,Kolkata Knight riders,,,,win
981011,2016,6,Raipur,22-05-2016,Indian Premier League,56,male,T20,T20,20,2016,club,Shaheed Veer Narayan Singh International Stadium,Royal Challengers Bengaluru,252,1,field,Royal Challengers Bengaluru,,,,win
981013,2016,6,Bangalore,24-05-2016,Indian Premier League,NULL,male,T20,T20,20,2016,club,M Chinnaswamy Stadium,Royal Challengers Bengaluru,5,1,field,Royal Challengers Bengaluru,,,,win
981015,2016,6,Delhi,25-05-2016,Indian Premier League,NULL,male,T20,T20,20,2016,club,Feroz Shah Kotla,Kolkata Knight riders,2,6,field,Sun risers Hyderabad,,,,win
981017,2016,6,Delhi,27-05-2016,Indian Premier League,NULL,male,T20,T20,20,2016,club,Feroz Shah Kotla,Sun risers Hyderabad,5,2,field,Sun risers Hyderabad,,,,win
981019,2016,6,Bangalore,29-05-2016,Indian Premier League,NULL,male,T20,T20,20,2016,club,M Chinnaswamy Stadium,Sun risers Hyderabad,1,2,bat,Sun risers Hyderabad,,,,win
1473447,2025,6,Visakhapatnam,30-03-2025,Indian Premier League,10,male,T20,T20,20,2025,club,"Dr. Y.S. Rajasekhara Reddy ACA-VDCA Cricket Stadium, Visakhapatnam",Sun risers Hyderabad,2,252,bat,Delhi Capitals,,,,win
1473448,2025,6,Guwahati,30-03-2025,Indian Premier League,11,male,T20,T20,20,2025,club,"Barsapara Cricket Stadium, Guwahati",Chennai Super Kings,134,129,field,Rajasthan Royals,,,,win
1473449,2025,6,Mumbai,31-03-2025,Indian Premier League,12,male,T20,T20,20,2025,club,"Wankhede Stadium, Mumbai",Mumbai Indians,6,3,field,Mumbai Indians,,,,win
1473450,2025,6,Lucknow,01-04-2025,Indian Premier League,13,male,T20,T20,20,2025,club,"Bharat Ratna Shri Atal Bihari Vajpayee Ekana Cricket Stadium, Lucknow",Punjab Kings,614,494,field,Punjab Kings,,,,win
1473451,2025,6,Bengaluru,02-04-2025,Indian Premier League,14,male,T20,T20,20,2025,club,"M Chinnaswamy Stadium, Bengaluru",Gujarat Titans,1,615,field,Gujarat Titans,,,,win
1473452,2025,6,Kolkata,03-04-2025,Indian Premier League,15,male,T20,T20,20,2025,club,"Eden Gardens, Kolkata",Sun risers Hyderabad,6,2,field,Kolkata Knight riders,,,,win
1473453,2025,6,Lucknow,04-04-2025,Indian Premier League,16,male,T20,T20,20,2025,club,"Bharat Ratna Shri Atal Bihari Vajpayee Ekana Cricket Stadium, Lucknow",Mumbai Indians,614,3,field,Lucknow Super Giants,,,,win
1473454,2025,6,Chennai,05-04-2025,Indian Premier League,17,male,T20,T20,20,2025,club,"MA Chidambaram Stadium, Chepauk, Chennai",Delhi Capitals,252,129,bat,Delhi Capitals,,,,win
1473455,2025,6,Mohali,05-04-2025,Indian Premier League,18,male,T20,T20,20,2025,club,"Maharaja Yadavindra Singh International Cricket Stadium, Mullanpur",Punjab Kings,134,494,field,Rajasthan Royals,,,,win
1473456,2025,6,Kolkata,08-04-2025,Indian Premier League,21,male,T20,T20,20,2025,club,"Eden Gardens, Kolkata",Kolkata Knight riders,614,6,field,Lucknow Super Giants,,,,win
1473457,2025,6,Hyderabad,06-04-2025,Indian Premier League,19,male,T20,T20,20,2025,club,"Rajiv Gandhi International Stadium, Uppal, Hyderabad",Gujarat Titans,2,615,field,Gujarat Titans,,,,win
1473458,2025,6,Mumbai,07-04-2025,Indian Premier League,20,male,T20,T20,20,2025,club,"Wankhede Stadium, Mumbai",Mumbai Indians,1,3,field,Royal Challengers Bengaluru,,,,win
1473459,2025,6,Mohali,08-04-2025,Indian Premier League,22,male,T20,T20,20,2025,club,"Maharaja Yadavindra Singh International Cricket Stadium, Mullanpur",Punjab Kings,494,129,bat,Punjab Kings,,,,win
1473460,2025,6,Ahmedabad,09-04-2025,Indian Premier League,23,male,T20,T20,20,2025,club,"Narendra Modi Stadium, Ahmedabad",Rajasthan Royals,615,134,field,Gujarat Titans,,,,win
1473461,2025,6,Bengaluru,10-04-2025,Indian Premier League,24,male,T20,T20,20,2025,club,"M Chinnaswamy Stadium, Bengaluru",Delhi Capitals,1,252,field,Delhi Capitals,,,,win
1473462,2025,6,Chennai,11-04-2025,Indian Premier League,25,male,T20,T20,20,2025,club,"MA Chidambaram Stadium, Chepauk, Chennai",Kolkata Knight riders,129,6,field,Kolkata Knight riders,,,,win
1473463,2025,6,Lucknow,12-04-2025,Indian Premier League,26,male,T20,T20,20,2025,club,"Bharat Ratna Shri Atal Bihari Vajpayee Ekana Cricket Stadium, Lucknow",Lucknow Super Giants,615,614,field,Lucknow Super Giants,,,,win
1473464,2025,6,Hyderabad,12-04-2025,Indian Premier League,27,male,T20,T20,20,2025,club,"Rajiv Gandhi International Stadium, Uppal, Hyderabad",Punjab Kings,494,2,bat,Sun risers Hyderabad,,,,win
1473465,2025,6,Jaipur,13-04-2025,Indian Premier League,28,male,T20,T20,20,2025,club,"Sawai Mansingh Stadium, Jaipur",Royal Challengers Bengaluru,134,1,field,Royal Challengers Bengaluru,,,,win
1473466,2025,6,Delhi,13-04-2025,Indian Premier League,29,male,T20,T20,20,2025,club,"Arun Jaitley Stadium, Delhi",Delhi Capitals,3,252,field,Mumbai Indians,,,,win
1473467,2025,6,Lucknow,14-04-2025,Indian Premier League,30,male,T20,T20,20,2025,club,"Bharat Ratna Shri Atal Bihari Vajpayee Ekana Cricket Stadium, Lucknow",Chennai Super Kings,614,129,field,Chennai Super Kings,,,,win
1473468,2025,6,Mohali,15-04-2025,Indian Premier League,31,male,T20,T20,20,2025,club,"Maharaja Yadavindra Singh International Cricket Stadium, Mullanpur",Punjab Kings,494,6,bat,Punjab Kings,,,,win
1473469,2025,6,Delhi,16-04-2025,Indian Premier League,32,male,T20,T20,20,2025,club,"Arun Jaitley Stadium, Delhi",Rajasthan Royals,252,134,field,Rajasthan Royals,,,,tie
1473470,2025,6,Mumbai,17-04-2025,Indian Premier League,33,male,T20,T20,20,2025,club,"Wankhede Stadium, Mumbai",Mumbai Indians,2,3,field,Mumbai Indians,,,,win
1473471,2025,6,Bengaluru,18-04-2025,Indian Premier League,34,male,T20,T20,20,2025,club,"M Chinnaswamy Stadium, Bengaluru",Punjab Kings,1,494,field,Punjab Kings,,,,win
1473472,2025,6,Ahmedabad,19-04-2025,Indian Premier League,35,male,T20,T20,20,2025,club,"Narendra Modi Stadium, Ahmedabad",Gujarat Titans,252,615,field,Gujarat Titans,,,,win
1473473,2025,6,Jaipur,19-04-2025,Indian Premier League,36,male,T20,T20,20,2025,club,"Sawai Mansingh Stadium, Jaipur",Lucknow Super Giants,614,134,bat,Lucknow Super Giants,,,,win
1473474,2025,6,Mohali,20-04-2025,Indian Premier League,37,male,T20,T20,20,2025,club,"Maharaja Yadavindra Singh International Cricket Stadium, Mullanpur",Royal Challengers Bengaluru,494,1,field,Royal Challengers Bengaluru,,,,win
1473475,2025,6,Mumbai,20-04-2025,Indian Premier League,38,male,T20,T20,20,2025,club,"Wankhede Stadium, Mumbai",Mumbai Indians,129,3,field,Mumbai Indians,,,,win
1473476,2025,6,Kolkata,21-04-2025,Indian Premier League,39,male,T20,T20,20,2025,club,"Eden Gardens, Kolkata",Kolkata Knight riders,615,6,field,Gujarat Titans,,,,win
1473477,2025,6,Lucknow,22-04-2025,Indian Premier League,40,male,T20,T20,20,2025,club,"Bharat Ratna Shri Atal Bihari Vajpayee Ekana Cricket Stadium, Lucknow",Delhi Capitals,614,252,field,Delhi Capitals,,,,win
1473478,2025,6,Hyderabad,23-04-2025,Indian Premier League,41,male,T20,T20,20,2025,club,"Rajiv Gandhi International Stadium, Uppal, Hyderabad",Mumbai Indians,2,3,field,Mumbai Indians,,,,win
1473479,2025,6,Bengaluru,24-04-2025,Indian Premier League,42,male,T20,T20,20,2025,club,"M Chinnaswamy Stadium, Bengaluru",Rajasthan Royals,1,134,field,Royal Challengers Bengaluru,,,,win
1473480,2025,6,Chennai,25-04-2025,Indian Premier League,43,male,T20,T20,20,2025,club,"MA Chidambaram Stadium, Chepauk, Chennai",Sun risers Hyderabad,129,2,field,Sun risers Hyderabad,,,,win
1473481,2025,6,Kolkata,26-04-2025,Indian Premier League,44,male,T20,T20,20,2025,club,"Eden Gardens, Kolkata",Punjab Kings,494,6,bat,Kolkata Knight riders,,,,no result
1473482,2025,6,Mumbai,27-04-2025,Indian Premier League,45,male,T20,T20,20,2025,club,"Wankhede Stadium, Mumbai",Lucknow Super Giants,3,614,field,Mumbai Indians,,,,win
1473483,2025,6,Delhi,27-04-2025,Indian Premier League,46,male,T20,T20,20,2025,club,"Arun Jaitley Stadium, Delhi",Royal Challengers Bengaluru,252,1,field,Royal Challengers Bengaluru,,,,win
1473484,2025,6,Jaipur,28-04-2025,Indian Premier League,47,male,T20,T20,20,2025,club,"Sawai Mansingh Stadium, Jaipur",Rajasthan Royals,615,134,field,Rajasthan Royals,,,,win
1473485,2025,6,Delhi,29-04-2025,Indian Premier League,48,male,T20,T20,20,2025,club,"Arun Jaitley Stadium, Delhi",Delhi Capitals,6,252,field,Kolkata Knight riders,,,,win
1473486,2025,6,Chennai,30-04-2025,Indian Premier League,49,male,T20,T20,20,2025,club,"MA Chidambaram Stadium, Chepauk, Chennai",Punjab Kings,129,494,field,Punjab Kings,,,,win
1473487,2025,6,Jaipur,01-05-2025,Indian Premier League,50,male,T20,T20,20,2025,club,"Sawai Mansingh Stadium, Jaipur",Rajasthan Royals,3,134,field,Mumbai Indians,,,,win
1473488,2025,6,Ahmedabad,02-05-2025,Indian Premier League,51,male,T20,T20,20,2025,club,"Narendra Modi Stadium, Ahmedabad",Sun risers Hyderabad,615,2,field,Gujarat Titans,,,,win
1473489,2025,6,Bengaluru,03-05-2025,Indian Premier League,52,male,T20,T20,20,2025,club,"M Chinnaswamy Stadium, Bengaluru",Chennai Super Kings,1,129,field,Royal Challengers Bengaluru,,,,win
1473490,2025,6,Kolkata,04-05-2025,Indian Premier League,53,male,T20,T20,20,2025,club,"Eden Gardens, Kolkata",Kolkata Knight riders,6,134,bat,Kolkata Knight riders,,,,win
1473491,2025,6,Dharamsala,04-05-2025,Indian Premier League,54,male,T20,T20,20,2025,club,"Himachal Pradesh Cricket Association Stadium, Dharamsala",Lucknow Super Giants,494,614,field,Punjab Kings,,,,win
1473492,2025,6,Hyderabad,05-05-2025,Indian Premier League,55,male,T20,T20,20,2025,club,"Rajiv Gandhi International Stadium, Uppal, Hyderabad",Sun risers Hyderabad,252,2,field,Sun risers Hyderabad,,,,no result
1473493,2025,6,Mumbai,06-05-2025,Indian Premier League,56,male,T20,T20,20,2025,club,"Wankhede Stadium, Mumbai",Gujarat Titans,3,615,field,Gujarat Titans,,,,win
1473494,2025,6,Kolkata,07-05-2025,Indian Premier League,57,male,T20,T20,20,2025,club,"Eden Gardens, Kolkata",Kolkata Knight riders,6,129,bat,Chennai Super Kings,,,,win
1473495,2025,6,Dharamsala,08-05-2025,Indian Premier League,58,male,T20,T20,20,2025,club,"Himachal Pradesh Cricket Association Stadium, Dharamsala",Punjab Kings,494,252,bat,Delhi Capitals,,,,no result
1473497,2025,6,Jaipur,18-05-2025,Indian Premier League,59,male,T20,T20,20,2025,club,"Sawai Mansingh Stadium, Jaipur",Punjab Kings,494,134,bat,Punjab Kings,,,,win
1473498,2025,6,Delhi,18-05-2025,Indian Premier League,60,male,T20,T20,20,2025,club,"Arun Jaitley Stadium, Delhi",Gujarat Titans,252,615,field,Gujarat Titans,,,,win
1473499,2025,6,Lucknow,19-05-2025,Indian Premier League,61,male,T20,T20,20,2025,club,"Bharat Ratna Shri Atal Bihari Vajpayee Ekana Cricket Stadium, Lucknow",Sun risers Hyderabad,614,2,field,Sun risers Hyderabad,,,,win
1473500,2025,6,Delhi,20-05-2025,Indian Premier League,62,male,T20,T20,20,2025,club,"Arun Jaitley Stadium, Delhi",Rajasthan Royals,129,134,field,Rajasthan Royals,,,,win
1473501,2025,6,Mumbai,21-05-2025,Indian Premier League,63,male,T20,T20,20,2025,club,"Wankhede Stadium, Mumbai",Delhi Capitals,3,252,field,Mumbai Indians,,,,win
1473502,2025,6,Ahmedabad,22-05-2025,Indian Premier League,64,male,T20,T20,20,2025,club,"Narendra Modi Stadium, Ahmedabad",Gujarat Titans,614,615,field,Lucknow Super Giants,,,,win
1473503,2025,6,Lucknow,23-05-2025,Indian Premier League,65,male,T20,T20,20,2025,club,"Bharat Ratna Shri Atal Bihari Vajpayee Ekana Cricket Stadium, Lucknow",Royal Challengers Bengaluru,2,1,field,Sun risers Hyderabad,,,,win
1473504,2025,6,Ahmedabad,25-05-2025,Indian Premier League,67,male,T20,T20,20,2025,club,"Narendra Modi Stadium, Ahmedabad",Chennai Super Kings,129,615,bat,Chennai Super Kings,,,,win
1473505,2025,6,Delhi,25-05-2025,Indian Premier League,68,male,T20,T20,20,2025,club,"Arun Jaitley Stadium, Delhi",Sun risers Hyderabad,2,6,bat,Sun risers Hyderabad,,,,win
1473506,2025,6,Jaipur,26-05-2025,Indian Premier League,69,male,T20,T20,20,2025,club,"Sawai Mansingh Stadium, Jaipur",Punjab Kings,3,494,field,Punjab Kings,,,,win
1473507,2025,6,Lucknow,27-05-2025,Indian Premier League,70,male,T20,T20,20,2025,club,"Bharat Ratna Shri Atal Bihari Vajpayee Ekana Cricket Stadium, Lucknow",Royal Challengers Bengaluru,614,1,field,Royal Challengers Bengaluru,,,,win
1473508,2025,6,New Chandigarh,29-05-2025,Indian Premier League,NULL,male,T20,T20,20,2025,club,"Maharaja Yadavindra Singh International Cricket Stadium, Mullanpur",Royal Challengers Bengaluru,494,1,field,Royal Challengers Bengaluru,,,,win
1473509,2025,6,New Chandigarh,30-05-2025,Indian Premier League,NULL,male,T20,T20,20,2025,club,"Maharaja Yadavindra Singh International Cricket Stadium, New Chandigarh",Mumbai Indians,3,615,bat,Mumbai Indians,,,,win
1473510,2025,6,Ahmedabad,01-06-2025,Indian Premier League,NULL,male,T20,T20,20,2025,club,"Narendra Modi Stadium, Ahmedabad",Punjab Kings,3,494,field,Punjab Kings,,,,win
1473511,2025,6,Ahmedabad,03-06-2025,Indian Premier League,NULL,male,T20,T20,20,2025,club,"Narendra Modi Stadium, Ahmedabad",Punjab Kings,1,494,field,Royal Challengers Bengaluru,,,,win
1485779,2025,6,Jaipur,24-05-2025,Indian Premier League,66,male,T20,T20,20,2025,club,"Sawai Mansingh Stadium, Jaipur",Delhi Capitals,494,252,field,Delhi Capitals,,,,win
